filename,file_size,file_attributes,region_count,region_id,region_shape_attributes,region_attributes
IMG_38.JPG,2628822,"{}",6,0,"{""name"":""polygon"",""all_points_x"":[1746,2143,2143,1746],""all_points_y"":[2165,2132,2253,2291]}","{}"
IMG_38.JPG,2628822,"{}",6,1,"{""name"":""polygon"",""all_points_x"":[2176,2688,2688,2165],""all_points_y"":[2143,2088,2214,2264]}","{}"
IMG_38.JPG,2628822,"{}",6,2,"{""name"":""polygon"",""all_points_x"":[744,1559,1559,733],""all_points_y"":[2424,2352,2638,2705]}","{}"
IMG_38.JPG,2628822,"{}",6,3,"{""name"":""polygon"",""all_points_x"":[1603,2677,2688,1603],""all_points_y"":[2346,2253,2534,2633]}","{}"
IMG_38.JPG,2628822,"{}",6,4,"{""name"":""polygon"",""all_points_x"":[386,1884,1884,386],""all_points_y"":[2859,2732,3046,3167]}","{}"
IMG_38.JPG,2628822,"{}",6,5,"{""name"":""polygon"",""all_points_x"":[1939,2561,2561,1933],""all_points_y"":[2743,2688,3007,3046]}","{}"
IMG_39.JPG,1732101,"{}",8,0,"{""name"":""polygon"",""all_points_x"":[661,966,969,676],""all_points_y"":[1730,1719,1832,1843]}","{}"
IMG_39.JPG,1732101,"{}",8,1,"{""name"":""polygon"",""all_points_x"":[980,1274,1274,980],""all_points_y"":[1722,1719,1825,1840]}","{}"
IMG_39.JPG,1732101,"{}",8,2,"{""name"":""polygon"",""all_points_x"":[650,2332,2339,657],""all_points_y"":[1847,1810,2075,2108]}","{}"
IMG_39.JPG,1732101,"{}",8,3,"{""name"":""polygon"",""all_points_x"":[657,2688,2681,661],""all_points_y"":[2137,2075,2369,2405]}","{}"
IMG_39.JPG,1732101,"{}",8,4,"{""name"":""polygon"",""all_points_x"":[2372,2692,2684,2394],""all_points_y"":[1921,1913,2049,2071]}","{}"
IMG_39.JPG,1732101,"{}",8,5,"{""name"":""polygon"",""all_points_x"":[683,676,1105,1105],""all_points_y"":[2526,2431,2420,2508]}","{}"
IMG_39.JPG,1732101,"{}",8,6,"{""name"":""polygon"",""all_points_x"":[1135,1127,1656,1656],""all_points_y"":[2523,2424,2405,2501]}","{}"
IMG_39.JPG,1732101,"{}",8,7,"{""name"":""polygon"",""all_points_x"":[1678,1663,2214,2207],""all_points_y"":[2526,2416,2398,2501]}","{}"
IMG_29.JPG,871500,"{}",4,0,"{""name"":""polygon"",""all_points_x"":[1395,1737,1711,1373],""all_points_y"":[1752,1678,1876,1968]}","{}"
IMG_29.JPG,871500,"{}",4,1,"{""name"":""polygon"",""all_points_x"":[1726,2082,2045,1700],""all_points_y"":[1667,1608,1799,1858]}","{}"
IMG_29.JPG,871500,"{}",4,2,"{""name"":""polygon"",""all_points_x"":[1256,1770,1748,1230],""all_points_y"":[2354,2262,2460,2570]}","{}"
IMG_29.JPG,871500,"{}",4,3,"{""name"":""polygon"",""all_points_x"":[1766,2056,2020,1744],""all_points_y"":[2244,2200,2413,2453]}","{}"
IMG_28.JPG,2005344,"{}",11,0,"{""name"":""polygon"",""all_points_x"":[966,1197,1197,969],""all_points_y"":[1447,1465,1572,1557]}","{}"
IMG_28.JPG,2005344,"{}",11,1,"{""name"":""polygon"",""all_points_x"":[1212,1476,1473,1219],""all_points_y"":[1462,1480,1586,1572]}","{}"
IMG_28.JPG,2005344,"{}",11,2,"{""name"":""polygon"",""all_points_x"":[1498,1719,1708,1495],""all_points_y"":[1436,1439,1590,1590]}","{}"
IMG_28.JPG,2005344,"{}",11,3,"{""name"":""polygon"",""all_points_x"":[1741,2126,2108,1730],""all_points_y"":[1447,1462,1605,1601]}","{}"
IMG_28.JPG,2005344,"{}",11,4,"{""name"":""polygon"",""all_points_x"":[775,1410,1399,764],""all_points_y"":[1682,1704,1950,1946]}","{}"
IMG_28.JPG,2005344,"{}",11,5,"{""name"":""polygon"",""all_points_x"":[1450,2163,2159,1439],""all_points_y"":[1711,1726,1972,1961]}","{}"
IMG_28.JPG,2005344,"{}",11,6,"{""name"":""polygon"",""all_points_x"":[558,2394,2380,536],""all_points_y"":[2012,2034,2299,2310]}","{}"
IMG_28.JPG,2005344,"{}",11,7,"{""name"":""polygon"",""all_points_x"":[1153,1561,1557,1153],""all_points_y"":[2394,2387,2504,2523]}","{}"
IMG_28.JPG,2005344,"{}",11,8,"{""name"":""polygon"",""all_points_x"":[1575,1763,1763,1575],""all_points_y"":[2380,2383,2504,2512]}","{}"
IMG_28.JPG,2005344,"{}",11,9,"{""name"":""polygon"",""all_points_x"":[958,1263,1256,947],""all_points_y"":[2618,2611,2743,2754]}","{}"
IMG_28.JPG,2005344,"{}",11,10,"{""name"":""polygon"",""all_points_x"":[1318,1965,1957,1311],""all_points_y"":[2615,2596,2739,2743]}","{}"
IMG_49.JPG,3781587,"{}",6,0,"{""name"":""polygon"",""all_points_x"":[870,1417,1421,889],""all_points_y"":[1300,1278,1454,1484]}","{}"
IMG_49.JPG,3781587,"{}",6,1,"{""name"":""polygon"",""all_points_x"":[1454,2100,2097,1450],""all_points_y"":[1293,1274,1443,1469]}","{}"
IMG_49.JPG,3781587,"{}",6,2,"{""name"":""polygon"",""all_points_x"":[566,1487,1491,580],""all_points_y"":[1535,1509,1766,1799]}","{}"
IMG_49.JPG,3781587,"{}",6,3,"{""name"":""polygon"",""all_points_x"":[1520,2431,2431,1528],""all_points_y"":[1517,1491,1722,1752]}","{}"
IMG_49.JPG,3781587,"{}",6,4,"{""name"":""polygon"",""all_points_x"":[1388,1586,1586,1403],""all_points_y"":[1818,1807,2009,2012]}","{}"
IMG_49.JPG,3781587,"{}",6,5,"{""name"":""polygon"",""all_points_x"":[1021,1957,1957,1054],""all_points_y"":[2031,1998,2273,2295]}","{}"
IMG_48.jpg,2658308,"{}",10,0,"{""name"":""polygon"",""all_points_x"":[834,980,991,823],""all_points_y"":[1539,1535,1704,1704]}","{}"
IMG_48.jpg,2658308,"{}",10,1,"{""name"":""polygon"",""all_points_x"":[1010,1998,1998,1010],""all_points_y"":[1539,1531,1697,1708]}","{}"
IMG_48.jpg,2658308,"{}",10,2,"{""name"":""polygon"",""all_points_x"":[2012,2941,2945,2012],""all_points_y"":[1539,1524,1722,1741]}","{}"
IMG_48.jpg,2658308,"{}",10,3,"{""name"":""polygon"",""all_points_x"":[95,514,525,114],""all_points_y"":[1887,1891,2280,2280]}","{}"
IMG_48.jpg,2658308,"{}",10,4,"{""name"":""polygon"",""all_points_x"":[584,1278,1282,599],""all_points_y"":[1898,1902,2280,2284]}","{}"
IMG_48.jpg,2658308,"{}",10,5,"{""name"":""polygon"",""all_points_x"":[1326,1976,1972,1318],""all_points_y"":[1976,1972,2299,2302]}","{}"
IMG_48.jpg,2658308,"{}",10,6,"{""name"":""polygon"",""all_points_x"":[1994,2883,2879,2012],""all_points_y"":[1876,1884,2302,2295]}","{}"
IMG_48.jpg,2658308,"{}",10,7,"{""name"":""polygon"",""all_points_x"":[808,1263,1271,823],""all_points_y"":[2482,2482,2659,2673]}","{}"
IMG_48.jpg,2658308,"{}",10,8,"{""name"":""polygon"",""all_points_x"":[1315,1674,1671,1315],""all_points_y"":[2486,2486,2629,2637]}","{}"
IMG_48.jpg,2658308,"{}",10,9,"{""name"":""polygon"",""all_points_x"":[2200,2820,2817,2203],""all_points_y"":[2482,2475,2725,2732]}","{}"
IMG_46.JPG,2431526,"{}",11,0,"{""name"":""polygon"",""all_points_x"":[1014,1286,1270,991],""all_points_y"":[917,934,1016,986]}","{}"
IMG_46.JPG,2431526,"{}",11,1,"{""name"":""polygon"",""all_points_x"":[1297,1672,1658,1275],""all_points_y"":[936,964,1038,1011]}","{}"
IMG_46.JPG,2431526,"{}",11,2,"{""name"":""polygon"",""all_points_x"":[220,1305,1267,168],""all_points_y"":[928,1022,1259,1157]}","{}"
IMG_46.JPG,2431526,"{}",11,3,"{""name"":""polygon"",""all_points_x"":[1330,2575,2520,1278],""all_points_y"":[1019,1104,1361,1256]}","{}"
IMG_46.JPG,2431526,"{}",11,4,"{""name"":""polygon"",""all_points_x"":[248,678,655,231],""all_points_y"":[1179,1217,1305,1261]}","{}"
IMG_46.JPG,2431526,"{}",11,5,"{""name"":""polygon"",""all_points_x"":[689,1016,997,664],""all_points_y"":[1223,1250,1330,1300]}","{}"
IMG_46.JPG,2431526,"{}",11,6,"{""name"":""polygon"",""all_points_x"":[1025,1405,1383,1005],""all_points_y"":[1253,1286,1366,1333]}","{}"
IMG_46.JPG,2431526,"{}",11,7,"{""name"":""polygon"",""all_points_x"":[1435,2085,2071,1418],""all_points_y"":[1286,1347,1432,1372]}","{}"
IMG_46.JPG,2431526,"{}",11,8,"{""name"":""polygon"",""all_points_x"":[2101,2399,2380,2079],""all_points_y"":[1344,1369,1462,1432]}","{}"
IMG_46.JPG,2431526,"{}",11,9,"{""name"":""polygon"",""all_points_x"":[812,832,1330,1308],""all_points_y"":[1399,1322,1366,1454]}","{}"
IMG_46.JPG,2431526,"{}",11,10,"{""name"":""polygon"",""all_points_x"":[1322,1344,1663,1641],""all_points_y"":[1449,1366,1399,1484]}","{}"
IMG_47.JPG,2264032,"{}",8,0,"{""name"":""polygon"",""all_points_x"":[1870,2192,2192,1892],""all_points_y"":[1272,1272,1374,1388]}","{}"
IMG_47.JPG,2264032,"{}",8,1,"{""name"":""polygon"",""all_points_x"":[2236,2600,2597,2231],""all_points_y"":[1278,1267,1369,1374]}","{}"
IMG_47.JPG,2264032,"{}",8,2,"{""name"":""polygon"",""all_points_x"":[1867,2873,2853,1829],""all_points_y"":[1407,1383,1606,1641]}","{}"
IMG_47.JPG,2264032,"{}",8,3,"{""name"":""polygon"",""all_points_x"":[55,837,843,58],""all_points_y"":[1581,1542,1760,1793]}","{}"
IMG_47.JPG,2264032,"{}",8,4,"{""name"":""polygon"",""all_points_x"":[873,1435,1435,881],""all_points_y"":[1548,1540,1746,1763]}","{}"
IMG_47.JPG,2264032,"{}",8,5,"{""name"":""polygon"",""all_points_x"":[2206,2850,2834,2209],""all_points_y"":[1644,1614,1752,1776]}","{}"
IMG_47.JPG,2264032,"{}",8,6,"{""name"":""polygon"",""all_points_x"":[1865,2380,2369,1848],""all_points_y"":[1831,1818,1936,1955]}","{}"
IMG_47.JPG,2264032,"{}",8,7,"{""name"":""polygon"",""all_points_x"":[2410,2842,2837,2402],""all_points_y"":[1818,1809,1922,1939]}","{}"
IMG_45.JPG,2531177,"{}",7,0,"{""name"":""polygon"",""all_points_x"":[2222,2420,2420,2225],""all_points_y"":[1741,1755,1898,1884]}","{}"
IMG_45.JPG,2531177,"{}",7,1,"{""name"":""polygon"",""all_points_x"":[2446,2670,2670,2435],""all_points_y"":[1770,1788,1921,1895]}","{}"
IMG_45.JPG,2531177,"{}",7,2,"{""name"":""polygon"",""all_points_x"":[279,1561,1557,279],""all_points_y"":[1781,1873,2376,2313]}","{}"
IMG_45.JPG,2531177,"{}",7,3,"{""name"":""polygon"",""all_points_x"":[1652,2699,2688,1623],""all_points_y"":[1887,1968,2438,2383]}","{}"
IMG_45.JPG,2531177,"{}",7,4,"{""name"":""polygon"",""all_points_x"":[2192,2273,2273,2200],""all_points_y"":[3878,3874,3926,3926]}","{}"
IMG_45.JPG,2531177,"{}",7,5,"{""name"":""polygon"",""all_points_x"":[2358,2266,2273,2358],""all_points_y"":[3878,3874,3929,3926]}","{}"
IMG_45.JPG,2531177,"{}",7,6,"{""name"":""polygon"",""all_points_x"":[2200,2203,2354,2354],""all_points_y"":[3984,3922,3922,3966]}","{}"
IMG_50.JPG,3534334,"{}",21,0,"{""name"":""polygon"",""all_points_x"":[330,644,640,335],""all_points_y"":[1132,1157,1264,1239]}","{}"
IMG_50.JPG,3534334,"{}",21,1,"{""name"":""polygon"",""all_points_x"":[673,942,942,665],""all_points_y"":[1161,1190,1285,1268]}","{}"
IMG_50.JPG,3534334,"{}",21,2,"{""name"":""polygon"",""all_points_x"":[967,1235,1231,963],""all_points_y"":[1182,1206,1318,1297]}","{}"
IMG_50.JPG,3534334,"{}",21,3,"{""name"":""polygon"",""all_points_x"":[1462,2148,2148,1467],""all_points_y"":[1268,1326,1413,1372]}","{}"
IMG_50.JPG,3534334,"{}",21,4,"{""name"":""polygon"",""all_points_x"":[2161,2280,2280,2165],""all_points_y"":[1330,1338,1429,1417]}","{}"
IMG_50.JPG,3534334,"{}",21,5,"{""name"":""polygon"",""all_points_x"":[2301,2714,2722,2313],""all_points_y"":[1343,1363,1458,1434]}","{}"
IMG_50.JPG,3534334,"{}",21,6,"{""name"":""polygon"",""all_points_x"":[3041,3185,3202,3041],""all_points_y"":[1347,1359,1434,1434]}","{}"
IMG_50.JPG,3534334,"{}",21,7,"{""name"":""polygon"",""all_points_x"":[3231,3301,3313,3239],""all_points_y"":[1363,1372,1446,1446]}","{}"
IMG_50.JPG,3534334,"{}",21,8,"{""name"":""polygon"",""all_points_x"":[3396,3326,3305,3375],""all_points_y"":[1454,1458,1367,1380]}","{}"
IMG_50.JPG,3534334,"{}",21,9,"{""name"":""polygon"",""all_points_x"":[3545,3416,3408,3528],""all_points_y"":[1471,1462,1372,1384]}","{}"
IMG_50.JPG,3534334,"{}",21,10,"{""name"":""polygon"",""all_points_x"":[326,1739,1743,310],""all_points_y"":[1285,1392,1628,1557]}","{}"
IMG_50.JPG,3534334,"{}",21,11,"{""name"":""polygon"",""all_points_x"":[1772,2611,2627,1764],""all_points_y"":[1405,1454,1686,1644]}","{}"
IMG_50.JPG,3534334,"{}",21,12,"{""name"":""polygon"",""all_points_x"":[2632,3582,3606,2640],""all_points_y"":[1462,1529,1743,1690]}","{}"
IMG_50.JPG,3534334,"{}",21,13,"{""name"":""polygon"",""all_points_x"":[1012,1380,1380,1016],""all_points_y"":[1619,1632,1752,1739]}","{}"
IMG_50.JPG,3534334,"{}",21,14,"{""name"":""polygon"",""all_points_x"":[1446,2194,2198,1438],""all_points_y"":[1636,1677,1789,1756]}","{}"
IMG_50.JPG,3534334,"{}",21,15,"{""name"":""polygon"",""all_points_x"":[2223,2714,2714,2227],""all_points_y"":[1686,1706,1822,1797]}","{}"
IMG_50.JPG,3534334,"{}",21,16,"{""name"":""polygon"",""all_points_x"":[2743,3222,3222,2747],""all_points_y"":[1719,1739,1847,1818]}","{}"
IMG_50.JPG,3534334,"{}",21,17,"{""name"":""polygon"",""all_points_x"":[1553,1818,1818,1553],""all_points_y"":[1785,1793,1867,1863]}","{}"
IMG_50.JPG,3534334,"{}",21,18,"{""name"":""polygon"",""all_points_x"":[1838,1838,2239,2239],""all_points_y"":[1876,1789,1809,1884]}","{}"
IMG_50.JPG,3534334,"{}",21,19,"{""name"":""polygon"",""all_points_x"":[2264,2256,2549,2557],""all_points_y"":[1884,1805,1818,1904]}","{}"
IMG_50.JPG,3534334,"{}",21,20,"{""name"":""polygon"",""all_points_x"":[2598,2594,2817,2813],""all_points_y"":[1900,1830,1830,1909]}","{}"
IMG_44.JPG,1701968,"{}",6,0,"{""name"":""polygon"",""all_points_x"":[771,1036,1036,775],""all_points_y"":[1623,1638,1770,1766]}","{}"
IMG_44.JPG,1701968,"{}",6,1,"{""name"":""polygon"",""all_points_x"":[1028,1865,1862,1028],""all_points_y"":[1619,1660,1818,1788]}","{}"
IMG_44.JPG,1701968,"{}",6,2,"{""name"":""polygon"",""all_points_x"":[771,1450,1450,775],""all_points_y"":[1843,1873,2126,2108]}","{}"
IMG_44.JPG,1701968,"{}",6,3,"{""name"":""polygon"",""all_points_x"":[1476,2725,2736,1473],""all_points_y"":[1880,1928,2178,2141]}","{}"
IMG_44.JPG,1701968,"{}",6,4,"{""name"":""polygon"",""all_points_x"":[793,1256,1252,797],""all_points_y"":[2185,2196,2358,2354]}","{}"
IMG_44.JPG,1701968,"{}",6,5,"{""name"":""polygon"",""all_points_x"":[1278,1630,1627,1278],""all_points_y"":[2196,2203,2365,2358]}","{}"
IMG_40.JPG,1892039,"{}",8,0,"{""name"":""polygon"",""all_points_x"":[1212,1513,1513,1212],""all_points_y"":[1542,1546,1733,1741]}","{}"
IMG_40.JPG,1892039,"{}",8,1,"{""name"":""polygon"",""all_points_x"":[1535,1862,1865,1535],""all_points_y"":[1542,1553,1737,1744]}","{}"
IMG_40.JPG,1892039,"{}",8,2,"{""name"":""polygon"",""all_points_x"":[1965,2861,2853,1979],""all_points_y"":[1487,1491,1770,1763]}","{}"
IMG_40.JPG,1892039,"{}",8,3,"{""name"":""polygon"",""all_points_x"":[411,1135,1131,408],""all_points_y"":[1854,1862,2244,2240]}","{}"
IMG_40.JPG,1892039,"{}",8,4,"{""name"":""polygon"",""all_points_x"":[1164,2901,2897,1179],""all_points_y"":[1862,1869,2262,2258]}","{}"
IMG_40.JPG,1892039,"{}",8,5,"{""name"":""polygon"",""all_points_x"":[808,1318,1318,804],""all_points_y"":[2335,2332,2479,2479]}","{}"
IMG_40.JPG,1892039,"{}",8,6,"{""name"":""polygon"",""all_points_x"":[1340,2001,2005,1333],""all_points_y"":[2343,2339,2497,2501]}","{}"
IMG_40.JPG,1892039,"{}",8,7,"{""name"":""polygon"",""all_points_x"":[2020,2633,2637,2027],""all_points_y"":[2339,2343,2515,2508]}","{}"
IMG_41.JPG,1882206,"{}",19,0,"{""name"":""polygon"",""all_points_x"":[951,2332,2317,944],""all_points_y"":[1238,1171,1399,1439]}","{}"
IMG_41.JPG,1882206,"{}",19,1,"{""name"":""polygon"",""all_points_x"":[742,2589,2593,738],""all_points_y"":[1524,1458,1887,1943]}","{}"
IMG_41.JPG,1882206,"{}",19,2,"{""name"":""polygon"",""all_points_x"":[371,661,661,364],""all_points_y"":[1708,1693,1821,1836]}","{}"
IMG_41.JPG,1882206,"{}",19,3,"{""name"":""polygon"",""all_points_x"":[404,1774,1766,408],""all_points_y"":[1968,1917,2189,2229]}","{}"
IMG_41.JPG,1882206,"{}",19,4,"{""name"":""polygon"",""all_points_x"":[1807,2787,2780,1799],""all_points_y"":[1921,1895,2181,2189]}","{}"
IMG_41.JPG,1882206,"{}",19,5,"{""name"":""polygon"",""all_points_x"":[698,1197,1197,687],""all_points_y"":[2255,2244,2402,2413]}","{}"
IMG_41.JPG,1882206,"{}",19,6,"{""name"":""polygon"",""all_points_x"":[1226,1781,1770,1234],""all_points_y"":[2247,2240,2405,2420]}","{}"
IMG_41.JPG,1882206,"{}",19,7,"{""name"":""polygon"",""all_points_x"":[1840,2361,2361,1847],""all_points_y"":[2233,2211,2402,2405]}","{}"
IMG_41.JPG,1882206,"{}",19,8,"{""name"":""polygon"",""all_points_x"":[661,911,914,665],""all_points_y"":[2453,2457,2629,2633]}","{}"
IMG_41.JPG,1882206,"{}",19,9,"{""name"":""polygon"",""all_points_x"":[925,1109,1105,940],""all_points_y"":[2453,2457,2622,2629]}","{}"
IMG_41.JPG,1882206,"{}",19,10,"{""name"":""polygon"",""all_points_x"":[1149,2398,2402,1142],""all_points_y"":[2464,2435,2589,2611]}","{}"
IMG_41.JPG,1882206,"{}",19,11,"{""name"":""polygon"",""all_points_x"":[400,823,826,422],""all_points_y"":[2655,2655,2824,2817]}","{}"
IMG_41.JPG,1882206,"{}",19,12,"{""name"":""polygon"",""all_points_x"":[863,2721,2721,863],""all_points_y"":[2666,2615,2820,2842]}","{}"
IMG_41.JPG,1882206,"{}",19,13,"{""name"":""polygon"",""all_points_x"":[397,532,532,382],""all_points_y"":[2897,2897,3000,3004]}","{}"
IMG_41.JPG,1882206,"{}",19,14,"{""name"":""polygon"",""all_points_x"":[543,808,812,540],""all_points_y"":[2901,2897,2996,3000]}","{}"
IMG_41.JPG,1882206,"{}",19,15,"{""name"":""polygon"",""all_points_x"":[823,929,929,812],""all_points_y"":[2901,2905,3004,3000]}","{}"
IMG_41.JPG,1882206,"{}",19,16,"{""name"":""polygon"",""all_points_x"":[936,1116,1116,936],""all_points_y"":[2901,2901,3007,3007]}","{}"
IMG_41.JPG,1882206,"{}",19,17,"{""name"":""polygon"",""all_points_x"":[1127,1381,1377,1124],""all_points_y"":[2901,2897,3004,3007]}","{}"
IMG_41.JPG,1882206,"{}",19,18,"{""name"":""polygon"",""all_points_x"":[1395,2783,2783,1392],""all_points_y"":[2894,2875,2996,3004]}","{}"
IMG_43.JPG,1621982,"{}",10,0,"{""name"":""polygon"",""all_points_x"":[2424,2519,2519,2435],""all_points_y"":[140,140,195,195]}","{}"
IMG_43.JPG,1621982,"{}",10,1,"{""name"":""polygon"",""all_points_x"":[2530,2802,2798,2526],""all_points_y"":[136,132,187,195]}","{}"
IMG_43.JPG,1621982,"{}",10,2,"{""name"":""polygon"",""all_points_x"":[1293,1476,1476,1307],""all_points_y"":[1715,1708,1810,1810]}","{}"
IMG_43.JPG,1621982,"{}",10,3,"{""name"":""polygon"",""all_points_x"":[1498,1634,1630,1506],""all_points_y"":[1704,1704,1803,1799]}","{}"
IMG_43.JPG,1621982,"{}",10,4,"{""name"":""polygon"",""all_points_x"":[1660,2009,2001,1656],""all_points_y"":[1697,1686,1799,1803]}","{}"
IMG_43.JPG,1621982,"{}",10,5,"{""name"":""polygon"",""all_points_x"":[507,2839,2839,525],""all_points_y"":[1898,1851,2255,2313]}","{}"
IMG_43.JPG,1621982,"{}",10,6,"{""name"":""polygon"",""all_points_x"":[944,1252,1256,951],""all_points_y"":[2354,2343,2446,2460]}","{}"
IMG_43.JPG,1621982,"{}",10,7,"{""name"":""polygon"",""all_points_x"":[1267,1660,1656,1263],""all_points_y"":[2354,2346,2464,2457]}","{}"
IMG_43.JPG,1621982,"{}",10,8,"{""name"":""polygon"",""all_points_x"":[1674,2045,2045,1674],""all_points_y"":[2343,2343,2453,2449]}","{}"
IMG_43.JPG,1621982,"{}",10,9,"{""name"":""polygon"",""all_points_x"":[2086,2391,2391,2093],""all_points_y"":[2339,2332,2427,2427]}","{}"
IMG_42.JPG,2429801,"{}",11,0,"{""name"":""polygon"",""all_points_x"":[2192,2302,2310,2207],""all_points_y"":[863,819,863,903]}","{}"
IMG_42.JPG,2429801,"{}",11,1,"{""name"":""polygon"",""all_points_x"":[2449,2626,2626,2453],""all_points_y"":[771,749,797,826]}","{}"
IMG_42.JPG,2429801,"{}",11,2,"{""name"":""polygon"",""all_points_x"":[2798,2982,2974,2798],""all_points_y"":[749,753,812,801]}","{}"
IMG_42.JPG,2429801,"{}",11,3,"{""name"":""polygon"",""all_points_x"":[958,1697,1667,925],""all_points_y"":[1278,1443,1583,1417]}","{}"
IMG_42.JPG,2429801,"{}",11,4,"{""name"":""polygon"",""all_points_x"":[1788,2365,2350,1763],""all_points_y"":[1465,1579,1733,1608]}","{}"
IMG_42.JPG,2429801,"{}",11,5,"{""name"":""polygon"",""all_points_x"":[195,1711,1674,140],""all_points_y"":[1267,1612,2038,1774]}","{}"
IMG_42.JPG,2429801,"{}",11,6,"{""name"":""polygon"",""all_points_x"":[1759,2916,2883,1708],""all_points_y"":[1630,1854,2262,2053]}","{}"
IMG_42.JPG,2429801,"{}",11,7,"{""name"":""polygon"",""all_points_x"":[253,1047,1032,250],""all_points_y"":[1810,1946,2111,1990]}","{}"
IMG_42.JPG,2429801,"{}",11,8,"{""name"":""polygon"",""all_points_x"":[1054,1605,1586,1036],""all_points_y"":[1954,2045,2200,2119]}","{}"
IMG_42.JPG,2429801,"{}",11,9,"{""name"":""polygon"",""all_points_x"":[1759,2251,2247,1748],""all_points_y"":[2078,2159,2299,2218]}","{}"
IMG_42.JPG,2429801,"{}",11,10,"{""name"":""polygon"",""all_points_x"":[2258,2262,2824,2824],""all_points_y"":[2306,2167,2251,2383]}","{}"
IMG_31.JPG,1740846,"{}",11,0,"{""name"":""polygon"",""all_points_x"":[415,962,973,411],""all_points_y"":[1869,1873,2078,2089]}","{}"
IMG_31.JPG,1740846,"{}",11,1,"{""name"":""polygon"",""all_points_x"":[1039,1726,1730,1072],""all_points_y"":[1825,1851,2075,2078]}","{}"
IMG_31.JPG,1740846,"{}",11,2,"{""name"":""polygon"",""all_points_x"":[2310,2541,2548,2310],""all_points_y"":[1766,1766,1884,1880]}","{}"
IMG_31.JPG,1740846,"{}",11,3,"{""name"":""polygon"",""all_points_x"":[2556,2772,2772,2563],""all_points_y"":[1763,1766,1921,1917]}","{}"
IMG_31.JPG,1740846,"{}",11,4,"{""name"":""polygon"",""all_points_x"":[1722,1715,2009,2009],""all_points_y"":[2156,2071,2067,2141]}","{}"
IMG_31.JPG,1740846,"{}",11,5,"{""name"":""polygon"",""all_points_x"":[2056,2189,2196,2075],""all_points_y"":[2060,2064,2141,2145]}","{}"
IMG_31.JPG,1740846,"{}",11,6,"{""name"":""polygon"",""all_points_x"":[2196,2394,2405,2214],""all_points_y"":[2056,2060,2134,2134]}","{}"
IMG_31.JPG,1740846,"{}",11,7,"{""name"":""polygon"",""all_points_x"":[2453,2688,2688,2479],""all_points_y"":[2056,2067,2141,2141]}","{}"
IMG_31.JPG,1740846,"{}",11,8,"{""name"":""polygon"",""all_points_x"":[2850,2699,2695,2842],""all_points_y"":[2137,2134,2064,2071]}","{}"
IMG_31.JPG,1740846,"{}",11,9,"{""name"":""polygon"",""all_points_x"":[1814,1807,2284,2288],""all_points_y"":[2225,2163,2156,2218]}","{}"
IMG_31.JPG,1740846,"{}",11,10,"{""name"":""polygon"",""all_points_x"":[2405,2861,2864,2409],""all_points_y"":[2156,2159,2218,2225]}","{}"
IMG_25.jpg,256781,"{}",3,0,"{""name"":""polygon"",""all_points_x"":[364,514,513,369],""all_points_y"":[263,260,303,301]}","{}"
IMG_25.jpg,256781,"{}",3,1,"{""name"":""polygon"",""all_points_x"":[367,366,511,509],""all_points_y"":[340,299,302,339]}","{}"
IMG_25.jpg,256781,"{}",3,2,"{""name"":""polygon"",""all_points_x"":[350,350,526,527],""all_points_y"":[375,344,340,372]}","{}"
IMG_24.JPG,3442465,"{}",24,0,"{""name"":""polygon"",""all_points_x"":[481,826,826,485],""all_points_y"":[1649,1663,1785,1777]}","{}"
IMG_24.JPG,3442465,"{}",24,1,"{""name"":""polygon"",""all_points_x"":[863,1282,1282,848],""all_points_y"":[1667,1689,1810,1796]}","{}"
IMG_24.JPG,3442465,"{}",24,2,"{""name"":""polygon"",""all_points_x"":[1300,1656,1656,1307],""all_points_y"":[1667,1674,1807,1799]}","{}"
IMG_24.JPG,3442465,"{}",24,3,"{""name"":""polygon"",""all_points_x"":[1689,2240,2240,1693],""all_points_y"":[1678,1686,1818,1814]}","{}"
IMG_24.JPG,3442465,"{}",24,4,"{""name"":""polygon"",""all_points_x"":[2262,2570,2570,2266],""all_points_y"":[1700,1708,1843,1832]}","{}"
IMG_24.JPG,3442465,"{}",24,5,"{""name"":""polygon"",""all_points_x"":[22,272,275,15],""all_points_y"":[1777,1788,1998,2001]}","{}"
IMG_24.JPG,3442465,"{}",24,6,"{""name"":""polygon"",""all_points_x"":[308,995,984,301],""all_points_y"":[1788,1814,2023,2020]}","{}"
IMG_24.JPG,3442465,"{}",24,7,"{""name"":""polygon"",""all_points_x"":[1010,1568,1572,1014],""all_points_y"":[1818,1829,2027,2020]}","{}"
IMG_24.JPG,3442465,"{}",24,8,"{""name"":""polygon"",""all_points_x"":[1597,2402,2409,1594],""all_points_y"":[1829,1832,2042,2031]}","{}"
IMG_24.JPG,3442465,"{}",24,9,"{""name"":""polygon"",""all_points_x"":[2420,2978,2985,2431],""all_points_y"":[1843,1854,2056,2042]}","{}"
IMG_24.JPG,3442465,"{}",24,10,"{""name"":""polygon"",""all_points_x"":[246,988,988,250],""all_points_y"":[2045,2049,2156,2137]}","{}"
IMG_24.JPG,3442465,"{}",24,11,"{""name"":""polygon"",""all_points_x"":[1002,1428,1432,1002],""all_points_y"":[2053,2060,2156,2156]}","{}"
IMG_24.JPG,3442465,"{}",24,12,"{""name"":""polygon"",""all_points_x"":[1447,1792,1796,1447],""all_points_y"":[2067,2067,2167,2167]}","{}"
IMG_24.JPG,3442465,"{}",24,13,"{""name"":""polygon"",""all_points_x"":[1818,2170,2174,1818],""all_points_y"":[2075,2078,2152,2159]}","{}"
IMG_24.JPG,3442465,"{}",24,14,"{""name"":""polygon"",""all_points_x"":[2181,2446,2446,2185],""all_points_y"":[2071,2075,2163,2163]}","{}"
IMG_24.JPG,3442465,"{}",24,15,"{""name"":""polygon"",""all_points_x"":[2512,2839,2839,2519],""all_points_y"":[2071,2075,2170,2167]}","{}"
IMG_24.JPG,3442465,"{}",24,16,"{""name"":""polygon"",""all_points_x"":[536,955,951,551],""all_points_y"":[2218,2218,2299,2306]}","{}"
IMG_24.JPG,3442465,"{}",24,17,"{""name"":""polygon"",""all_points_x"":[958,1058,1058,955],""all_points_y"":[2222,2218,2317,2317]}","{}"
IMG_24.JPG,3442465,"{}",24,18,"{""name"":""polygon"",""all_points_x"":[1069,1362,1362,1069],""all_points_y"":[2225,2222,2310,2306]}","{}"
IMG_24.JPG,3442465,"{}",24,19,"{""name"":""polygon"",""all_points_x"":[1370,1528,1528,1366],""all_points_y"":[2225,2229,2310,2306]}","{}"
IMG_24.JPG,3442465,"{}",24,20,"{""name"":""polygon"",""all_points_x"":[1528,1726,1726,1531],""all_points_y"":[2236,2244,2302,2299]}","{}"
IMG_24.JPG,3442465,"{}",24,21,"{""name"":""polygon"",""all_points_x"":[1722,1843,1847,1726],""all_points_y"":[2229,2225,2317,2317]}","{}"
IMG_24.JPG,3442465,"{}",24,22,"{""name"":""polygon"",""all_points_x"":[1858,2240,2236,1854],""all_points_y"":[2233,2233,2317,2302]}","{}"
IMG_24.JPG,3442465,"{}",24,23,"{""name"":""polygon"",""all_points_x"":[2255,2515,2512,2262],""all_points_y"":[2233,2233,2313,2317]}","{}"
IMG_30.JPG,2069210,"{}",13,0,"{""name"":""polygon"",""all_points_x"":[786,1083,1076,775],""all_points_y"":[1693,1700,1818,1810]}","{}"
IMG_30.JPG,2069210,"{}",13,1,"{""name"":""polygon"",""all_points_x"":[1102,1381,1377,1102],""all_points_y"":[1704,1708,1821,1818]}","{}"
IMG_30.JPG,2069210,"{}",13,2,"{""name"":""polygon"",""all_points_x"":[1392,1601,1597,1399],""all_points_y"":[1697,1711,1818,1814]}","{}"
IMG_30.JPG,2069210,"{}",13,3,"{""name"":""polygon"",""all_points_x"":[1630,1998,1979,1623],""all_points_y"":[1697,1700,1836,1810]}","{}"
IMG_30.JPG,2069210,"{}",13,4,"{""name"":""polygon"",""all_points_x"":[955,1333,1333,955],""all_points_y"":[1840,1840,1987,1976]}","{}"
IMG_30.JPG,2069210,"{}",13,5,"{""name"":""polygon"",""all_points_x"":[1344,1583,1579,1340],""all_points_y"":[1843,1851,1994,1990]}","{}"
IMG_30.JPG,2069210,"{}",13,6,"{""name"":""polygon"",""all_points_x"":[1594,1814,1799,1590],""all_points_y"":[1840,1847,2009,1994]}","{}"
IMG_30.JPG,2069210,"{}",13,7,"{""name"":""polygon"",""all_points_x"":[723,1069,1065,731],""all_points_y"":[1994,2005,2126,2137]}","{}"
IMG_30.JPG,2069210,"{}",13,8,"{""name"":""polygon"",""all_points_x"":[1083,1439,1439,1080],""all_points_y"":[2001,2005,2145,2141]}","{}"
IMG_30.JPG,2069210,"{}",13,9,"{""name"":""polygon"",""all_points_x"":[1450,1645,1641,1450],""all_points_y"":[2009,2012,2141,2126]}","{}"
IMG_30.JPG,2069210,"{}",13,10,"{""name"":""polygon"",""all_points_x"":[1660,2031,2023,1652],""all_points_y"":[2012,2023,2163,2148]}","{}"
IMG_30.JPG,2069210,"{}",13,11,"{""name"":""polygon"",""all_points_x"":[922,1366,1370,929],""all_points_y"":[2244,2233,2365,2350]}","{}"
IMG_30.JPG,2069210,"{}",13,12,"{""name"":""polygon"",""all_points_x"":[1384,1825,1818,1381],""all_points_y"":[2233,2244,2354,2354]}","{}"
IMG_26.JPG,2494190,"{}",16,0,"{""name"":""polygon"",""all_points_x"":[709,980,977,712],""all_points_y"":[1825,1825,1924,1924]}","{}"
IMG_26.JPG,2494190,"{}",16,1,"{""name"":""polygon"",""all_points_x"":[984,1223,1223,991],""all_points_y"":[1825,1832,1928,1928]}","{}"
IMG_26.JPG,2494190,"{}",16,2,"{""name"":""polygon"",""all_points_x"":[1443,1230,1230,1443],""all_points_y"":[1840,1836,1921,1943]}","{}"
IMG_26.JPG,2494190,"{}",16,3,"{""name"":""polygon"",""all_points_x"":[1667,1462,1458,1660],""all_points_y"":[1836,1832,1946,1946]}","{}"
IMG_26.JPG,2494190,"{}",16,4,"{""name"":""polygon"",""all_points_x"":[1873,1674,1674,1884],""all_points_y"":[1840,1836,1932,1943]}","{}"
IMG_26.JPG,2494190,"{}",16,5,"{""name"":""polygon"",""all_points_x"":[2089,2486,2486,2089],""all_points_y"":[1862,1862,1946,1935]}","{}"
IMG_26.JPG,2494190,"{}",16,6,"{""name"":""polygon"",""all_points_x"":[701,701,1109,1109],""all_points_y"":[2111,1921,1935,2100]}","{}"
IMG_26.JPG,2494190,"{}",16,7,"{""name"":""polygon"",""all_points_x"":[1465,1465,1131,1135],""all_points_y"":[2115,1954,1946,2108]}","{}"
IMG_26.JPG,2494190,"{}",16,8,"{""name"":""polygon"",""all_points_x"":[1608,1601,1480,1476],""all_points_y"":[2104,1954,1950,2097]}","{}"
IMG_26.JPG,2494190,"{}",16,9,"{""name"":""polygon"",""all_points_x"":[1627,1616,2038,2045],""all_points_y"":[2111,1954,1946,2115]}","{}"
IMG_26.JPG,2494190,"{}",16,10,"{""name"":""polygon"",""all_points_x"":[2060,2045,2464,2464],""all_points_y"":[2119,1954,1950,2130]}","{}"
IMG_26.JPG,2494190,"{}",16,11,"{""name"":""polygon"",""all_points_x"":[958,951,1160,1160],""all_points_y"":[2207,2122,2122,2207]}","{}"
IMG_26.JPG,2494190,"{}",16,12,"{""name"":""polygon"",""all_points_x"":[1377,1168,1171,1373],""all_points_y"":[2214,2211,2119,2111]}","{}"
IMG_26.JPG,2494190,"{}",16,13,"{""name"":""polygon"",""all_points_x"":[1674,1384,1381,1660],""all_points_y"":[2218,2214,2122,2119]}","{}"
IMG_26.JPG,2494190,"{}",16,14,"{""name"":""polygon"",""all_points_x"":[2211,1682,1678,2200],""all_points_y"":[2225,2225,2126,2126]}","{}"
IMG_26.JPG,2494190,"{}",16,15,"{""name"":""polygon"",""all_points_x"":[209,308,308,220],""all_points_y"":[3995,3959,3988,4028]}","{}"
IMG_32.jpg,3927788,"{}",23,0,"{""name"":""polygon"",""all_points_x"":[1011,1464,1452,1008],""all_points_y"":[1392,1281,1433,1553]}","{}"
IMG_32.jpg,3927788,"{}",23,1,"{""name"":""polygon"",""all_points_x"":[1677,1680,1458,1452],""all_points_y"":[1347,1230,1277,1398]}","{}"
IMG_32.jpg,3927788,"{}",23,2,"{""name"":""polygon"",""all_points_x"":[2003,2006,1683,1683],""all_points_y"":[1243,1125,1211,1328]}","{}"
IMG_32.jpg,3927788,"{}",23,3,"{""name"":""polygon"",""all_points_x"":[2073,2073,2362,2358],""all_points_y"":[1214,1109,1011,1151]}","{}"
IMG_32.jpg,3927788,"{}",23,4,"{""name"":""polygon"",""all_points_x"":[865,1376,1350,840],""all_points_y"":[1655,1512,1794,1937]}","{}"
IMG_32.jpg,3927788,"{}",23,5,"{""name"":""polygon"",""all_points_x"":[1709,1731,1373,1357],""all_points_y"":[1699,1411,1509,1785]}","{}"
IMG_32.jpg,3927788,"{}",23,6,"{""name"":""polygon"",""all_points_x"":[2117,2136,1731,1709],""all_points_y"":[1591,1293,1404,1709]}","{}"
IMG_32.jpg,3927788,"{}",23,7,"{""name"":""polygon"",""all_points_x"":[2561,2564,2140,2130],""all_points_y"":[1461,1163,1293,1585]}","{}"
IMG_32.jpg,3927788,"{}",23,8,"{""name"":""polygon"",""all_points_x"":[894,1674,1658,884],""all_points_y"":[2010,1807,2048,2235]}","{}"
IMG_32.jpg,3927788,"{}",23,9,"{""name"":""polygon"",""all_points_x"":[1854,1686,1667,1829],""all_points_y"":[1769,1807,2038,2003]}","{}"
IMG_32.jpg,3927788,"{}",23,10,"{""name"":""polygon"",""all_points_x"":[2425,2431,1861,1848],""all_points_y"":[1854,1604,1762,2003]}","{}"
IMG_32.jpg,3927788,"{}",23,11,"{""name"":""polygon"",""all_points_x"":[514,526,609,640,574,561],""all_points_y"":[2254,2035,1873,1918,2070,2244]}","{}"
IMG_32.jpg,3927788,"{}",23,12,"{""name"":""polygon"",""all_points_x"":[621,742,802,777,713,640],""all_points_y"":[1851,1791,1842,1899,1873,1915]}","{}"
IMG_32.jpg,3927788,"{}",23,13,"{""name"":""polygon"",""all_points_x"":[780,808,859,834,789,805],""all_points_y"":[1915,1858,1997,2190,2171,2013]}","{}"
IMG_32.jpg,3927788,"{}",23,14,"{""name"":""polygon"",""all_points_x"":[713,1049,1049,704],""all_points_y"":[2390,2311,2463,2542]}","{}"
IMG_32.jpg,3927788,"{}",23,15,"{""name"":""polygon"",""all_points_x"":[1056,1201,1198,1049],""all_points_y"":[2304,2279,2431,2457]}","{}"
IMG_32.jpg,3927788,"{}",23,16,"{""name"":""polygon"",""all_points_x"":[1208,1344,1338,1195],""all_points_y"":[2276,2247,2396,2422]}","{}"
IMG_32.jpg,3927788,"{}",23,17,"{""name"":""polygon"",""all_points_x"":[1350,1626,1610,1334],""all_points_y"":[2244,2178,2336,2393]}","{}"
IMG_32.jpg,3927788,"{}",23,18,"{""name"":""polygon"",""all_points_x"":[1651,2162,2162,1658],""all_points_y"":[2159,2048,2203,2320]}","{}"
IMG_32.jpg,3927788,"{}",23,19,"{""name"":""polygon"",""all_points_x"":[2174,2628,2621,2152],""all_points_y"":[2051,1927,2095,2209]}","{}"
IMG_32.jpg,3927788,"{}",23,20,"{""name"":""polygon"",""all_points_x"":[2523,2533,2640,2666,2596,2580],""all_points_y"":[1737,1493,1306,1363,1544,1734]}","{}"
IMG_32.jpg,3927788,"{}",23,21,"{""name"":""polygon"",""all_points_x"":[2640,2767,2878,2850,2755,2672],""all_points_y"":[1293,1214,1262,1341,1306,1360]}","{}"
IMG_32.jpg,3927788,"{}",23,22,"{""name"":""polygon"",""all_points_x"":[2888,2961,2951,2888,2900,2840],""all_points_y"":[1281,1433,1651,1639,1477,1344]}","{}"
IMG_33.JPG,3065843,"{}",23,0,"{""name"":""polygon"",""all_points_x"":[1193,1531,1524,1193],""all_points_y"":[1524,1608,1700,1627]}","{}"
IMG_33.JPG,3065843,"{}",23,1,"{""name"":""polygon"",""all_points_x"":[1535,1689,1689,1528],""all_points_y"":[1623,1667,1730,1689]}","{}"
IMG_33.JPG,3065843,"{}",23,2,"{""name"":""polygon"",""all_points_x"":[1697,1895,1898,1682],""all_points_y"":[1674,1726,1796,1737]}","{}"
IMG_33.JPG,3065843,"{}",23,3,"{""name"":""polygon"",""all_points_x"":[1943,2115,2111,1939],""all_points_y"":[1741,1777,1851,1803]}","{}"
IMG_33.JPG,3065843,"{}",23,4,"{""name"":""polygon"",""all_points_x"":[540,1296,1282,529],""all_points_y"":[1462,1667,1825,1627]}","{}"
IMG_33.JPG,3065843,"{}",23,5,"{""name"":""polygon"",""all_points_x"":[1311,1737,1737,1307],""all_points_y"":[1674,1785,1932,1832]}","{}"
IMG_33.JPG,3065843,"{}",23,6,"{""name"":""polygon"",""all_points_x"":[1755,2170,2178,1752],""all_points_y"":[1785,1898,2045,1943]}","{}"
IMG_33.JPG,3065843,"{}",23,7,"{""name"":""polygon"",""all_points_x"":[2203,2615,2615,2203],""all_points_y"":[1898,2009,2163,2056]}","{}"
IMG_33.JPG,3065843,"{}",23,8,"{""name"":""polygon"",""all_points_x"":[125,129,250,283,206,184],""all_points_y"":[1748,1539,1417,1484,1583,1730]}","{}"
IMG_33.JPG,3065843,"{}",23,9,"{""name"":""polygon"",""all_points_x"":[257,404,492,452,367,275],""all_points_y"":[1417,1410,1506,1553,1491,1487]}","{}"
IMG_33.JPG,3065843,"{}",23,10,"{""name"":""polygon"",""all_points_x"":[503,566,543,485,496,452],""all_points_y"":[1520,1682,1840,1810,1674,1557]}","{}"
IMG_33.JPG,3065843,"{}",23,11,"{""name"":""polygon"",""all_points_x"":[793,1719,1715,786],""all_points_y"":[1741,1968,2104,1880]}","{}"
IMG_33.JPG,3065843,"{}",23,12,"{""name"":""polygon"",""all_points_x"":[1730,1902,1898,1726],""all_points_y"":[1976,2020,2134,2097]}","{}"
IMG_33.JPG,3065843,"{}",23,13,"{""name"":""polygon"",""all_points_x"":[1910,2424,2427,1902],""all_points_y"":[2027,2148,2269,2145]}","{}"
IMG_33.JPG,3065843,"{}",23,14,"{""name"":""polygon"",""all_points_x"":[2626,2615,2681,2703,2659,2662],""all_points_y"":[2335,2167,2056,2115,2207,2324]}","{}"
IMG_33.JPG,3065843,"{}",23,15,"{""name"":""polygon"",""all_points_x"":[2684,2787,2835,2817,2750,2695],""all_points_y"":[2056,2053,2122,2159,2111,2119]}","{}"
IMG_33.JPG,3065843,"{}",23,16,"{""name"":""polygon"",""all_points_x"":[2846,2901,2897,2853,2857,2809],""all_points_y"":[2130,2258,2387,2365,2266,2159]}","{}"
IMG_33.JPG,3065843,"{}",23,17,"{""name"":""polygon"",""all_points_x"":[639,1076,1072,628],""all_points_y"":[1884,1987,2100,2005]}","{}"
IMG_33.JPG,3065843,"{}",23,18,"{""name"":""polygon"",""all_points_x"":[1091,1241,1238,1080],""all_points_y"":[1987,2023,2141,2100]}","{}"
IMG_33.JPG,3065843,"{}",23,19,"{""name"":""polygon"",""all_points_x"":[1256,1414,1406,1249],""all_points_y"":[2027,2064,2174,2137]}","{}"
IMG_33.JPG,3065843,"{}",23,20,"{""name"":""polygon"",""all_points_x"":[1428,1682,1671,1414],""all_points_y"":[2067,2119,2229,2174]}","{}"
IMG_33.JPG,3065843,"{}",23,21,"{""name"":""polygon"",""all_points_x"":[1715,2185,2181,1719],""all_points_y"":[2134,2240,2343,2240]}","{}"
IMG_33.JPG,3065843,"{}",23,22,"{""name"":""polygon"",""all_points_x"":[2185,2537,2534,2174],""all_points_y"":[2236,2313,2424,2346]}","{}"
IMG_27.JPG,3600909,"{}",8,0,"{""name"":""polygon"",""all_points_x"":[958,1212,1212,988],""all_points_y"":[2255,2251,2354,2361]}","{}"
IMG_27.JPG,3600909,"{}",8,1,"{""name"":""polygon"",""all_points_x"":[1249,1498,1484,1241],""all_points_y"":[2273,2266,2343,2346]}","{}"
IMG_27.JPG,3600909,"{}",8,2,"{""name"":""polygon"",""all_points_x"":[1520,1674,1660,1520],""all_points_y"":[2266,2244,2332,2335]}","{}"
IMG_27.JPG,3600909,"{}",8,3,"{""name"":""polygon"",""all_points_x"":[459,1076,1076,477],""all_points_y"":[2380,2365,2497,2519]}","{}"
IMG_27.JPG,3600909,"{}",8,4,"{""name"":""polygon"",""all_points_x"":[1120,1520,1520,1138],""all_points_y"":[2365,2343,2504,2512]}","{}"
IMG_27.JPG,3600909,"{}",8,5,"{""name"":""polygon"",""all_points_x"":[1539,1531,2196,2200],""all_points_y"":[2482,2343,2310,2453]}","{}"
IMG_27.JPG,3600909,"{}",8,6,"{""name"":""polygon"",""all_points_x"":[676,1337,1344,705],""all_points_y"":[2545,2504,2633,2662]}","{}"
IMG_27.JPG,3600909,"{}",8,7,"{""name"":""polygon"",""all_points_x"":[1370,1359,1972,1972],""all_points_y"":[2629,2526,2508,2622]}","{}"
IMG_23.JPG,3622586,"{}",10,0,"{""name"":""polygon"",""all_points_x"":[1039,1509,1520,1076],""all_points_y"":[1557,1535,1715,1737]}","{}"
IMG_23.JPG,3622586,"{}",10,1,"{""name"":""polygon"",""all_points_x"":[1572,2207,2214,1586],""all_points_y"":[1542,1509,1722,1741]}","{}"
IMG_23.JPG,3622586,"{}",10,2,"{""name"":""polygon"",""all_points_x"":[1502,2324,2332,1509],""all_points_y"":[1766,1719,1998,2027]}","{}"
IMG_23.JPG,3622586,"{}",10,3,"{""name"":""polygon"",""all_points_x"":[1509,2310,2324,1535],""all_points_y"":[2053,2009,2295,2317]}","{}"
IMG_23.JPG,3622586,"{}",10,4,"{""name"":""polygon"",""all_points_x"":[1036,1164,1175,1032],""all_points_y"":[2365,2354,2493,2497]}","{}"
IMG_23.JPG,3622586,"{}",10,5,"{""name"":""polygon"",""all_points_x"":[1175,1568,1575,1179],""all_points_y"":[2365,2346,2490,2501]}","{}"
IMG_23.JPG,3622586,"{}",10,6,"{""name"":""polygon"",""all_points_x"":[1708,1564,1583,1733],""all_points_y"":[2343,2350,2486,2482]}","{}"
IMG_23.JPG,3622586,"{}",10,7,"{""name"":""polygon"",""all_points_x"":[1730,1928,1932,1744],""all_points_y"":[2346,2339,2486,2475]}","{}"
IMG_23.JPG,3622586,"{}",10,8,"{""name"":""polygon"",""all_points_x"":[1939,2332,2332,1965],""all_points_y"":[2332,2321,2471,2475]}","{}"
IMG_23.JPG,3622586,"{}",10,9,"{""name"":""polygon"",""all_points_x"":[1392,1965,1961,1406],""all_points_y"":[2515,2497,2618,2622]}","{}"
IMG_37.JPG,2034674,"{}",6,0,"{""name"":""polygon"",""all_points_x"":[672,1069,1061,683],""all_points_y"":[1458,1473,1605,1590]}","{}"
IMG_37.JPG,2034674,"{}",6,1,"{""name"":""polygon"",""all_points_x"":[1091,1348,1344,1083],""all_points_y"":[1465,1473,1623,1601]}","{}"
IMG_37.JPG,2034674,"{}",6,2,"{""name"":""polygon"",""all_points_x"":[1377,1744,1741,1373],""all_points_y"":[1487,1498,1627,1608]}","{}"
IMG_37.JPG,2034674,"{}",6,3,"{""name"":""polygon"",""all_points_x"":[1781,2504,2497,1781],""all_points_y"":[1495,1520,1697,1667]}","{}"
IMG_37.JPG,2034674,"{}",6,4,"{""name"":""polygon"",""all_points_x"":[507,1138,1142,507],""all_points_y"":[1660,1674,2067,2056]}","{}"
IMG_37.JPG,2034674,"{}",6,5,"{""name"":""polygon"",""all_points_x"":[1197,2692,2692,1193],""all_points_y"":[1678,1722,2104,2089]}","{}"
IMG_36.JPG,1959463,"{}",4,0,"{""name"":""polygon"",""all_points_x"":[712,1586,1597,701],""all_points_y"":[1583,1840,2335,2119]}","{}"
IMG_36.JPG,1959463,"{}",4,1,"{""name"":""polygon"",""all_points_x"":[1641,2618,2629,1634],""all_points_y"":[1884,2189,2673,2398]}","{}"
IMG_36.JPG,1959463,"{}",4,2,"{""name"":""polygon"",""all_points_x"":[481,801,793,499],""all_points_y"":[2137,2200,2354,2302]}","{}"
IMG_36.JPG,1959463,"{}",4,3,"{""name"":""polygon"",""all_points_x"":[2332,2339,2684,2684],""all_points_y"":[2714,2596,2692,2776]}","{}"
IMG_22.JPG,2084133,"{}",4,0,"{""name"":""polygon"",""all_points_x"":[804,1102,1135,797],""all_points_y"":[1542,1539,2405,2409]}","{}"
IMG_22.JPG,2084133,"{}",4,1,"{""name"":""polygon"",""all_points_x"":[1186,2306,2302,1193],""all_points_y"":[2280,2299,2475,2435]}","{}"
IMG_22.JPG,2084133,"{}",4,2,"{""name"":""polygon"",""all_points_x"":[1715,2181,2163,1700],""all_points_y"":[2526,2519,2794,2772]}","{}"
IMG_22.JPG,2084133,"{}",4,3,"{""name"":""polygon"",""all_points_x"":[2192,2192,2442,2449],""all_points_y"":[2761,2530,2530,2761]}","{}"
IMG_34.JPG,1947833,"{}",14,0,"{""name"":""polygon"",""all_points_x"":[1957,2137,2137,1968],""all_points_y"":[1069,1069,1153,1153]}","{}"
IMG_34.JPG,1947833,"{}",14,1,"{""name"":""polygon"",""all_points_x"":[2295,2134,2137,2299],""all_points_y"":[1072,1076,1153,1153]}","{}"
IMG_34.JPG,1947833,"{}",14,2,"{""name"":""polygon"",""all_points_x"":[2310,2453,2453,2313],""all_points_y"":[1083,1076,1153,1153]}","{}"
IMG_34.JPG,1947833,"{}",14,3,"{""name"":""polygon"",""all_points_x"":[2607,2453,2453,2611],""all_points_y"":[1076,1076,1157,1157]}","{}"
IMG_34.JPG,1947833,"{}",14,4,"{""name"":""polygon"",""all_points_x"":[2714,2611,2615,2714],""all_points_y"":[1069,1069,1153,1153]}","{}"
IMG_34.JPG,1947833,"{}",14,5,"{""name"":""polygon"",""all_points_x"":[422,1032,1036,433],""all_points_y"":[1179,1171,1329,1348]}","{}"
IMG_34.JPG,1947833,"{}",14,6,"{""name"":""polygon"",""all_points_x"":[1065,1564,1564,1069],""all_points_y"":[1179,1164,1322,1329]}","{}"
IMG_34.JPG,1947833,"{}",14,7,"{""name"":""polygon"",""all_points_x"":[1583,1719,1733,1586],""all_points_y"":[1164,1164,1315,1318]}","{}"
IMG_34.JPG,1947833,"{}",14,8,"{""name"":""polygon"",""all_points_x"":[1748,2302,2310,1755],""all_points_y"":[1160,1157,1318,1318]}","{}"
IMG_34.JPG,1947833,"{}",14,9,"{""name"":""polygon"",""all_points_x"":[2328,2321,2725,2736],""all_points_y"":[1311,1157,1157,1307]}","{}"
IMG_34.JPG,1947833,"{}",14,10,"{""name"":""polygon"",""all_points_x"":[1318,1322,1594,1597],""all_points_y"":[1373,1326,1315,1370]}","{}"
IMG_34.JPG,1947833,"{}",14,11,"{""name"":""polygon"",""all_points_x"":[1623,1627,1847,1851],""all_points_y"":[1366,1318,1307,1370]}","{}"
IMG_34.JPG,1947833,"{}",14,12,"{""name"":""polygon"",""all_points_x"":[29,132,209,173,106,55],""all_points_y"":[2886,2842,2901,2934,2916,2938]}","{}"
IMG_34.JPG,1947833,"{}",14,13,"{""name"":""polygon"",""all_points_x"":[745,856,958,925,845,782],""all_points_y"":[2872,2806,2850,2905,2879,2916]}","{}"
IMG_20.JPG,1646697,"{}",9,0,"{""name"":""polygon"",""all_points_x"":[1355,1572,1568,1362],""all_points_y"":[1623,1616,1700,1715]}","{}"
IMG_20.JPG,1646697,"{}",9,1,"{""name"":""polygon"",""all_points_x"":[1579,1821,1821,1575],""all_points_y"":[1627,1616,1708,1715]}","{}"
IMG_20.JPG,1646697,"{}",9,2,"{""name"":""polygon"",""all_points_x"":[1832,2097,2097,1836],""all_points_y"":[1608,1601,1711,1711]}","{}"
IMG_20.JPG,1646697,"{}",9,3,"{""name"":""polygon"",""all_points_x"":[720,1348,1348,742],""all_points_y"":[1759,1752,1998,2012]}","{}"
IMG_20.JPG,1646697,"{}",9,4,"{""name"":""polygon"",""all_points_x"":[1373,2067,2064,1388],""all_points_y"":[1755,1737,1965,1998]}","{}"
IMG_20.JPG,1646697,"{}",9,5,"{""name"":""polygon"",""all_points_x"":[2082,2699,2699,2089],""all_points_y"":[1733,1704,1946,1972]}","{}"
IMG_20.JPG,1646697,"{}",9,6,"{""name"":""polygon"",""all_points_x"":[2134,2134,2589,2582],""all_points_y"":[2093,1976,1943,2067]}","{}"
IMG_20.JPG,1646697,"{}",9,7,"{""name"":""polygon"",""all_points_x"":[775,1072,1076,775],""all_points_y"":[2108,2097,2159,2181]}","{}"
IMG_20.JPG,1646697,"{}",9,8,"{""name"":""polygon"",""all_points_x"":[1087,1337,1337,1080],""all_points_y"":[2097,2086,2159,2170]}","{}"
IMG_21.jpg,1907821,"{}",8,0,"{""name"":""polygon"",""all_points_x"":[10,583,590,23],""all_points_y"":[1049,1062,1204,1212]}","{}"
IMG_21.jpg,1907821,"{}",8,1,"{""name"":""polygon"",""all_points_x"":[616,1459,1459,626],""all_points_y"":[1065,1067,1245,1240]}","{}"
IMG_21.jpg,1907821,"{}",8,2,"{""name"":""polygon"",""all_points_x"":[1482,2417,2423,1493],""all_points_y"":[1078,1087,1212,1218]}","{}"
IMG_21.jpg,1907821,"{}",8,3,"{""name"":""polygon"",""all_points_x"":[2448,2954,2950,2432],""all_points_y"":[1087,1094,1203,1210]}","{}"
IMG_21.jpg,1907821,"{}",8,4,"{""name"":""polygon"",""all_points_x"":[31,31,712,704],""all_points_y"":[1535,1230,1234,1520]}","{}"
IMG_21.jpg,1907821,"{}",8,5,"{""name"":""polygon"",""all_points_x"":[727,715,1516,1516],""all_points_y"":[1531,1230,1230,1531]}","{}"
IMG_21.jpg,1907821,"{}",8,6,"{""name"":""polygon"",""all_points_x"":[1531,1535,2347,2355],""all_points_y"":[1524,1234,1234,1520]}","{}"
IMG_21.jpg,1907821,"{}",8,7,"{""name"":""polygon"",""all_points_x"":[2355,2985,2985,2359],""all_points_y"":[1234,1234,1524,1524]}","{}"
IMG_35.JPG,2223398,"{}",21,0,"{""name"":""polygon"",""all_points_x"":[193,1697,1702,160],""all_points_y"":[551,953,1234,870]}","{}"
IMG_35.JPG,2223398,"{}",21,1,"{""name"":""polygon"",""all_points_x"":[1730,2787,2815,1741],""all_points_y"":[964,1250,1531,1261]}","{}"
IMG_35.JPG,2223398,"{}",21,2,"{""name"":""polygon"",""all_points_x"":[980,986,1564,1570],""all_points_y"":[1201,1063,1195,1333]}","{}"
IMG_35.JPG,2223398,"{}",21,3,"{""name"":""polygon"",""all_points_x"":[1603,1603,2198,2198],""all_points_y"":[1372,1223,1366,1504]}","{}"
IMG_35.JPG,2223398,"{}",21,4,"{""name"":""polygon"",""all_points_x"":[419,931,925,408],""all_points_y"":[1581,1697,1840,1735]}","{}"
IMG_35.JPG,2223398,"{}",21,5,"{""name"":""polygon"",""all_points_x"":[969,1322,1316,947],""all_points_y"":[1702,1768,1911,1829]}","{}"
IMG_35.JPG,2223398,"{}",21,6,"{""name"":""polygon"",""all_points_x"":[1350,1895,1895,1350],""all_points_y"":[1785,1889,2027,1922]}","{}"
IMG_35.JPG,2223398,"{}",21,7,"{""name"":""polygon"",""all_points_x"":[1922,2319,2324,1911],""all_points_y"":[1906,1983,2104,2027]}","{}"
IMG_35.JPG,2223398,"{}",21,8,"{""name"":""polygon"",""all_points_x"":[2374,2694,2694,2380],""all_points_y"":[2016,2055,2181,2115]}","{}"
IMG_35.JPG,2223398,"{}",21,9,"{""name"":""polygon"",""all_points_x"":[110,1002,997,94],""all_points_y"":[1697,1878,2143,1988]}","{}"
IMG_35.JPG,2223398,"{}",21,10,"{""name"":""polygon"",""all_points_x"":[1019,1526,1526,1008],""all_points_y"":[1889,1988,2231,2154]}","{}"
IMG_35.JPG,2223398,"{}",21,11,"{""name"":""polygon"",""all_points_x"":[1542,2258,2286,1520],""all_points_y"":[1994,2126,2374,2242]}","{}"
IMG_35.JPG,2223398,"{}",21,12,"{""name"":""polygon"",""all_points_x"":[2275,2897,2908,2258],""all_points_y"":[2137,2236,2473,2369]}","{}"
IMG_35.JPG,2223398,"{}",21,13,"{""name"":""polygon"",""all_points_x"":[1206,1983,1977,1223],""all_points_y"":[2236,2369,2578,2468]}","{}"
IMG_35.JPG,2223398,"{}",21,14,"{""name"":""polygon"",""all_points_x"":[958,1157,1157,964],""all_points_y"":[2473,2495,2589,2567]}","{}"
IMG_35.JPG,2223398,"{}",21,15,"{""name"":""polygon"",""all_points_x"":[1195,1410,1410,1201],""all_points_y"":[2495,2534,2627,2594]}","{}"
IMG_35.JPG,2223398,"{}",21,16,"{""name"":""polygon"",""all_points_x"":[1427,1531,1531,1421],""all_points_y"":[2539,2556,2660,2627]}","{}"
IMG_35.JPG,2223398,"{}",21,17,"{""name"":""polygon"",""all_points_x"":[1752,1542,1537,1741],""all_points_y"":[2594,2545,2660,2699]}","{}"
IMG_35.JPG,2223398,"{}",21,18,"{""name"":""polygon"",""all_points_x"":[1889,1895,1768,1768],""all_points_y"":[2721,2616,2594,2694]}","{}"
IMG_35.JPG,2223398,"{}",21,19,"{""name"":""polygon"",""all_points_x"":[2060,2060,1889,1895],""all_points_y"":[2743,2622,2600,2705]}","{}"
IMG_35.JPG,2223398,"{}",21,20,"{""name"":""polygon"",""all_points_x"":[2269,2264,2066,2066],""all_points_y"":[2771,2666,2616,2732]}","{}"