image_id,polygon_id,x1,y1,x2,y2,text,script_language
IMG_10,polygon_0,1711,1837,2490,2028,garnet,english
IMG_10,polygon_1,803,1849,1343,2046,wipro,english
IMG_10,polygon_2,2242,2396,2529,2592,led,english
IMG_38,polygon_0,678,1198,940,1365,സംസ്ഥാനം,malayalam
IMG_38,polygon_1,1655,1708,1900,1867,പക്ഷപ്പുഴ,malayalam
IMG_38,polygon_2,2482,2098,2671,2208, ,bengali
IMG_38,polygon_3,2184,2121,2483,2238,कोलाए,marathi
IMG_38,polygon_4,1775,2162,2117,2270, ,bengali
IMG_38,polygon_5,1616,2312,2526,2607,hospita,english
IMG_38,polygon_6,762,2393,1524,2675,saiyon,english
IMG_38,polygon_7,1970,2776,2231,3008,2૫,gujarati
IMG_38,polygon_8,549,2784,1821,3111,mergency,english
IMG_38,polygon_9,708,3102,808,3111,21,english
IMG_1,polygon_0,1158,565,1553,661,പാലക്കുറവിൽ,malayalam
IMG_1,polygon_1,1729,1100,2340,1388,aer,english
IMG_1,polygon_2,1432,1235,1739,1469,ની,gujarati
IMG_1,polygon_3,968,1264,1272,1541,ਅਤਿਆ,punjabi
IMG_1,polygon_4,1140,1271,1199,1307,ਸਿਨਾਤਾ,punjabi
IMG_1,polygon_5,2168,1727,2363,1893,ਸਿਵਾਈ,punjabi
IMG_1,polygon_6,665,1785,1326,2057,leru,english
IMG_1,polygon_7,2043,1949,2124,1977,oyal,english
IMG_1,polygon_8,2084,1979,2135,2008,દાસ,gujarati
IMG_39,polygon_0,984,1734,1268,1827,உலுக்கம்,tamil
IMG_39,polygon_1,686,1735,960,1831,58ਐਸ,punjabi
IMG_39,polygon_2,2404,1917,2657,2065,247,english
IMG_39,polygon_3,1671,2408,2184,2511,mongjing,english
IMG_39,polygon_4,1129,2412,1644,2501,thongkha,english
IMG_39,polygon_5,693,2421,1088,2508,nambol,english
IMG_11,polygon_0,1594,1658,1760,1740,ਨਾੇਸ,punjabi
IMG_11,polygon_1,1150,1656,1378,1756,lum,english
IMG_11,polygon_2,1815,1655,2090,1749,ਰਾਏਲਸ,punjabi
IMG_11,polygon_3,1421,1677,1553,1740,em,english
IMG_11,polygon_4,1648,1818,2605,2047,meground,english
IMG_11,polygon_5,567,1826,1503,2053,klasafch,english
IMG_11,polygon_6,1520,2080,2127,2136,kangjeibung,english
IMG_11,polygon_7,1169,2086,1488,2140,keinou,english
IMG_11,polygon_8,946,3972,1068,4004,mn01s5312,english
IMG_2,polygon_0,1157,921,1814,1318,muse,english
IMG_2,polygon_1,517,1197,1117,1585,state,english
IMG_3,polygon_0,2272,976,2784,1201,মরা,assamese
IMG_3,polygon_1,1191,1003,1979,1224,লাংবন,assamese
IMG_3,polygon_2,1516,1671,1608,1756,ટ,gujarati
IMG_3,polygon_3,1408,1682,2498,1896,மங்கனி,tamil
IMG_3,polygon_4,1745,1958,1852,2136,ਸਿੰਘ,punjabi
IMG_3,polygon_5,1422,2352,2294,2554,নাংমাইজিং,assamese
IMG_16,polygon_0,1411,1499,2017,1698,class,english
IMG_16,polygon_1,456,1631,1032,1904,कक्षा,hindi
IMG_16,polygon_2,1403,1735,1957,1940,room,english
IMG_7,polygon_0,6,1354,78,1473,ऋतु,hindi
IMG_7,polygon_1,91,1369,171,1505,896,punjabi
IMG_7,polygon_2,101,1509,146,1550,ਸਿ,punjabi
IMG_7,polygon_3,911,1484,1440,1671,ਤੇਸੴਸਵੇ੦ਾ,punjabi
IMG_7,polygon_4,5,1724,99,1898,કાપ,gujarati
IMG_7,polygon_5,755,1777,1605,1997,sarmila,english
IMG_7,polygon_6,555,2068,1821,2306,pharmacy,english
IMG_7,polygon_7,1628,2430,1809,2478,phone,english
IMG_7,polygon_8,1818,2439,2096,2489,9856192654,english
IMG_6,polygon_0,1535,1040,1876,1192,लोडस्टोम,marathi
IMG_6,polygon_1,1314,1173,2087,1348,ਨੲਨਾਪਰਾਸਤਾਪ੍ਰੇਨਟਾਲ,punjabi
IMG_6,polygon_2,1913,1942,2013,2085,ਸਾਰਾ,punjabi
IMG_6,polygon_3,1919,2131,2014,2250,੨,punjabi
IMG_6,polygon_4,2259,2293,2562,2430,definition,english
IMG_6,polygon_5,2167,2371,2245,2451,gh,english
IMG_6,polygon_6,2349,2375,2585,2488,machine,english
IMG_6,polygon_7,2169,2431,2334,2532,nting,english
IMG_6,polygon_8,1918,2458,2009,2737,ਕਾਰਾ,punjabi
IMG_6,polygon_9,1922,2952,2009,3069,n,english
IMG_6,polygon_10,1915,3110,2017,3234,g,english
IMG_6,polygon_11,1430,3817,1530,3846,paints,english
IMG_17,polygon_0,1296,1340,1405,1410,lg,english
IMG_17,polygon_1,828,1970,1224,2255,ശ്രീ,malayalam
IMG_17,polygon_2,427,2449,643,2540,બેકરી,gujarati
IMG_17,polygon_3,160,2465,390,2564,અતુલ,gujarati
IMG_17,polygon_4,121,2584,248,2620,gstin,english
IMG_17,polygon_5,283,2585,673,2627,24akwpc6733c1zb,english
IMG_17,polygon_6,2577,2618,2606,2652,,gujarati
IMG_17,polygon_7,2614,2618,2747,2653,roots,english
IMG_17,polygon_8,2756,2620,2993,2656,enterprise,english
IMG_17,polygon_9,173,2837,253,2882,103,english
IMG_17,polygon_10,1248,3250,1343,3321,મન,gujarati
IMG_17,polygon_11,1085,3255,1232,3351,૬,gujarati
IMG_17,polygon_12,2893,3273,2967,3308,shop,english
IMG_17,polygon_13,2971,3273,3021,3303,tim,english
IMG_17,polygon_14,2910,3323,2989,3354,1000,english
IMG_17,polygon_15,2963,3374,3001,3403,to,english
IMG_17,polygon_16,1693,3390,1763,3433,8,gujarati
IMG_17,polygon_17,2918,3424,2998,3454,12ઃ30,gujarati
IMG_17,polygon_18,1508,3444,1550,3470,ઉમ,gujarati
IMG_17,polygon_19,1015,3462,1085,3493,siab,english
IMG_17,polygon_20,768,3465,845,3500,૧,gujarati
IMG_17,polygon_21,1018,3493,1082,3516,bakery,english
IMG_17,polygon_22,1020,3515,1085,3563,13,gujarati
IMG_17,polygon_23,1018,3563,1084,3592,orld,english
IMG_17,polygon_24,1020,3589,1086,3613,00808,gujarati
IMG_17,polygon_25,1492,3657,1672,3720,শ্রী,assamese
IMG_17,polygon_26,1596,3847,1654,3862,જઘથારાય,gujarati
IMG_29,polygon_0,1388,1627,2052,1933,इंडियनऑयल,marathi
IMG_29,polygon_1,1254,2221,2020,2528,indianoil,english
IMG_15,polygon_0,1380,1513,2011,1735,੦੪੦੦,punjabi
IMG_15,polygon_1,2070,1526,2592,1721,সাণ্চৈ ,assamese
IMG_15,polygon_2,683,1572,1363,1757,hmma,english
IMG_15,polygon_3,2155,1789,2586,1894,point,english
IMG_15,polygon_4,1511,1798,2109,1905,service,english
IMG_15,polygon_5,2759,1807,3019,1864,digitalind,english
IMG_15,polygon_6,694,1804,1469,1911,customer,english
IMG_15,polygon_7,420,1840,546,1893,1 વીવ,gujarati
IMG_15,polygon_8,243,1840,416,1898,digital,english
IMG_15,polygon_9,2864,1860,3020,1894,toempon,english
IMG_15,polygon_10,2759,1863,2860,1894,୮୦୩୧,odia
IMG_15,polygon_11,390,1892,535,1929,0197474,punjabi
IMG_15,polygon_12,241,1895,341,1929,સ્કાસ,gujarati
IMG_15,polygon_13,345,1896,384,1926,ਸਾਂ,punjabi
IMG_15,polygon_14,400,2052,666,2321,ct,english
IMG_15,polygon_15,1897,2071,2346,2301,ba,english
IMG_15,polygon_16,1056,2067,1707,2299,ofc,english
IMG_15,polygon_17,748,2085,1030,2310,ભ,gujarati
IMG_15,polygon_18,2006,2337,2277,2415,world,english
IMG_15,polygon_19,1178,2343,1732,2423,understand,english
IMG_15,polygon_20,997,2347,1150,2424,we,english
IMG_15,polygon_21,1754,2355,1982,2435,your,english
IMG_15,polygon_22,1434,2559,1840,2636,8974073178,english
IMG_15,polygon_23,2854,2571,3015,2662,singh,english
IMG_15,polygon_24,2620,2574,2846,2666,பேயர்,tamil
IMG_15,polygon_25,2259,2580,2605,2652,chanambam,english
IMG_15,polygon_26,521,2600,1046,2683,765371290010,english
IMG_15,polygon_27,2102,2618,2238,2657,name,english
IMG_15,polygon_28,2006,2619,2093,2658,039,punjabi
IMG_15,polygon_29,1117,2627,1206,2666,657,assamese
IMG_15,polygon_30,1212,2625,1388,2663,mobile,english
IMG_15,polygon_31,284,2628,371,2668,౧౯౯౭,telugu
IMG_15,polygon_32,379,2630,512,2669,੦੦੦੬,punjabi
IMG_15,polygon_33,1433,2631,1829,2700,7629981950,english
IMG_15,polygon_34,2332,2766,2606,2838,keinou,english
IMG_15,polygon_35,1443,2776,1838,2866,bishnupur,english
IMG_15,polygon_36,2007,2798,2095,2839,csp,english
IMG_15,polygon_37,2101,2798,2333,2837,location,english
IMG_15,polygon_38,1118,2804,1218,2842,પાસર,gujarati
IMG_15,polygon_39,1224,2801,1418,2841,branch,english
IMG_15,polygon_40,283,2806,384,2843,1350,gujarati
IMG_15,polygon_41,390,2805,569,2843,branch,english
IMG_15,polygon_42,574,2806,709,2845,code,english
IMG_15,polygon_43,495,3104,753,3240,sim,english
IMG_15,polygon_44,516,3275,843,3360,available,english
IMG_15,polygon_45,164,3343,482,3518,bsnl,english
IMG_15,polygon_46,518,3387,694,3460,here,english
IMG_15,polygon_47,2851,3383,3017,3511,पा,marathi
IMG_15,polygon_48,2869,3553,3014,3643,aa,english
IMG_15,polygon_49,2865,3662,3021,3792,ਸਲੇ,punjabi
IMG_15,polygon_50,2729,3732,2835,3792,ਦਿਰ,punjabi
IMG_15,polygon_51,1554,3814,2233,3910,aadhaar,english
IMG_15,polygon_52,2883,3833,3021,3923,248,gujarati
IMG_15,polygon_53,1952,3898,2125,3986,मेरी,hindi
IMG_15,polygon_54,2143,3909,2455,3984,पहचान,marathi
IMG_15,polygon_55,1410,3914,1574,3999,मेरा,marathi
IMG_15,polygon_56,1606,3926,1892,3993,आधार,marathi
IMG_4,polygon_0,1138,1572,2153,1849,इक्मला,hindi
IMG_4,polygon_1,1084,1897,2242,2244,pharmacy,english
IMG_4,polygon_2,1417,1930,1491,1985,अपना,hindi
IMG_4,polygon_3,1150,2275,1607,2419,keinou,english
IMG_4,polygon_4,1666,2286,2081,2432,bazar,english
IMG_4,polygon_5,839,2869,1862,3094,ਸੰਵਾ   ,punjabi
IMG_4,polygon_6,1243,3103,2008,3393,pharmacy,english
IMG_4,polygon_7,709,3143,1185,3428,sadish,english
IMG_4,polygon_8,236,3313,438,3524,ke,english
IMG_4,polygon_9,1482,3447,1581,3527,no,english
IMG_4,polygon_10,1690,3434,1919,3629,ਸਿਰਾਇਆ,punjabi
IMG_4,polygon_11,1174,3453,1455,3548,licence,english
IMG_4,polygon_12,1096,3543,1637,3661,  ,gujarati
IMG_4,polygon_13,1105,3641,1639,3764,3,odia
IMG_4,polygon_14,1112,3744,1646,3861,4208,gujarati
IMG_4,polygon_15,1454,3829,1715,3923,bazar,english
IMG_4,polygon_16,1094,3853,1394,3955,keinou,english
IMG_5,polygon_0,1240,1345,2039,1711,faculty,english
IMG_5,polygon_1,438,1589,912,1843,संकाय,hindi
IMG_5,polygon_2,1227,1686,1782,2007,room,english
IMG_5,polygon_3,570,1850,896,2070,कक्ष,hindi
IMG_5,polygon_4,2855,3306,3007,3427,6145,gujarati
IMG_14,polygon_0,2281,1699,2391,1916,૧,gujarati
IMG_14,polygon_1,1697,1789,2139,2138,18,punjabi
IMG_14,polygon_2,1343,1825,1481,2015,ऐ,marathi
IMG_14,polygon_3,1358,2275,1742,2521,छा.,hindi
IMG_14,polygon_4,1909,2284,2450,2515,વાતા,gujarati
IMG_14,polygon_5,871,2295,1197,2541,૭લ,gujarati
IMG_14,polygon_6,1263,2519,2214,2799,फु चीत शानि,hindi
IMG_28,polygon_0,1742,1459,1969,1593,है रहे,hindi
IMG_28,polygon_1,992,1464,1188,1565,বোট য  ন দং ,bengali
IMG_28,polygon_2,1510,1472,1702,1583,তেন,assamese
IMG_28,polygon_3,1237,1476,1468,1577,ড৹তে,assamese
IMG_28,polygon_4,1966,1476,2100,1598,୧୭ା,odia
IMG_28,polygon_5,1478,1729,1615,1929,স্থাপ প্রাণ ,bengali
IMG_28,polygon_6,1595,2392,1724,2502,no,english
IMG_28,polygon_7,1170,2396,1548,2514,license,english
IMG_28,polygon_8,958,2594,1941,2751,510989972024,marathi
IMG_28,polygon_9,653,3144,814,3174,madamingia,english
IMG_28,polygon_10,476,3157,616,3186,നമ്മുറവിൽ,malayalam
IMG_28,polygon_11,732,3172,837,3203,bndus,english
IMG_28,polygon_12,629,3176,730,3213,tries,english
IMG_28,polygon_13,545,3186,620,3218,11મા,gujarati
IMG_28,polygon_14,475,3191,543,3222,011,gujarati
IMG_28,polygon_15,784,3215,843,3246,7719,gujarati
IMG_28,polygon_16,678,3224,741,3253,ઝાર,gujarati
IMG_28,polygon_17,586,3228,647,3260,०८८३,hindi
IMG_28,polygon_18,475,3239,520,3261,ww,english
IMG_28,polygon_19,872,3239,963,3315,জা,assamese
IMG_28,polygon_20,761,3258,837,3292,dom,english
IMG_28,polygon_21,661,3266,735,3300,4167,gujarati
IMG_28,polygon_22,547,3273,653,3307,2024,english
IMG_28,polygon_23,734,3298,832,3324,dreaters,english
IMG_28,polygon_24,597,3306,731,3333,ભાગ,gujarati
IMG_28,polygon_25,791,3325,850,3348,કમ્વાન,gujarati
IMG_28,polygon_26,575,3328,788,3362,સરાવરાથી,gujarati
IMG_28,polygon_27,822,3359,884,3382,914111,gujarati
IMG_28,polygon_28,646,3363,821,3392,કરાવભા,gujarati
IMG_28,polygon_29,568,3385,947,3471,vboor,english
IMG_49,polygon_0,1659,1277,2084,1453,joeppy,english
IMG_49,polygon_1,904,1282,1404,1472, ,bengali
IMG_49,polygon_2,1467,1292,1655,1449,erp,english
IMG_49,polygon_3,1549,1500,2406,1732,611641,gujarati
IMG_49,polygon_4,820,1539,1475,1766,ysana,english
IMG_49,polygon_5,1426,2031,1921,2249,nzak,english
IMG_49,polygon_6,1063,2058,1295,2262,ઉમ,gujarati
IMG_48,polygon_0,2020,1532,2911,1729,journal,english
IMG_48,polygon_1,1018,1546,1992,1703,monthly,english
IMG_48,polygon_2,837,1544,975,1696,a,english
IMG_48,polygon_3,176,1900,1266,2261,দীবটে,assamese
IMG_48,polygon_4,2014,1921,2853,2268,লংজিল,bengali
IMG_48,polygon_5,1317,1985,1954,2282,লংলা,bengali
IMG_48,polygon_6,839,2500,1660,2666,june202,english
IMG_48,polygon_7,2226,2499,2892,2734,rs50,english
IMG_46,polygon_0,1009,919,1281,998,58ਏ,punjabi
IMG_46,polygon_1,1289,955,1663,1030,সবাস্যালে  বে ,bengali
IMG_46,polygon_2,198,946,447,1162,ib,english
IMG_46,polygon_3,705,995,1273,1234,ama,english
IMG_46,polygon_4,1324,1061,2525,1337,complex,english
IMG_46,polygon_5,245,1190,656,1293,nambol,english
IMG_46,polygon_6,678,1223,995,1323,sabal,english
IMG_46,polygon_7,1016,1262,1399,1369,leikal,english
IMG_46,polygon_8,1430,1299,2070,1420,bishnupur,english
IMG_46,polygon_9,824,1328,1307,1437,manipur,english
IMG_46,polygon_10,2093,1352,2379,1447,dist,english
IMG_46,polygon_11,1335,1372,1649,1469,795134,english
File_13,polygon_0,456,230,548,308, ,gujarati
File_13,polygon_1,1438,659,1564,1037,ruspata,english
File_13,polygon_2,1780,686,1892,1429,electronics,english
File_13,polygon_3,1926,688,2030,1099,imphal,english
File_13,polygon_4,2080,814,2168,1245,സക്കസ്സ്,malayalam
File_13,polygon_5,2196,993,2284,1261,கொல்,tamil
File_13,polygon_6,2590,1086,2673,1381,ഇ.എം,malayalam
File_13,polygon_7,1920,1135,2039,1884,technology,english
File_13,polygon_8,2391,1233,2472,1382,1988,english
File_13,polygon_9,2083,1248,2180,1591,ofministry,english
File_13,polygon_10,2199,1262,2274,1656,ശീമാട്ടി,malayalam
File_13,polygon_11,1526,1315,1673,1558,પોલીસ,gujarati
File_13,polygon_12,2385,1396,2466,1709,ശീമാട്ടി,malayalam
File_13,polygon_13,2584,1423,2666,1648,2,gujarati
File_13,polygon_14,1778,1461,1887,1603,of,english
File_13,polygon_15,2056,1598,2173,2117,scientificsociety,english
File_13,polygon_16,1780,1627,1888,2183,nstitute,english
File_13,polygon_17,2580,1658,2659,1981,imphal,english
File_13,polygon_18,2179,1668,2293,2038,technology,english
File_13,polygon_19,2371,1708,2460,1919,on1st,english
File_13,polygon_20,1915,1915,2025,2628,information,english
File_13,polygon_21,2381,1937,2461,2254,கவலை,tamil
File_13,polygon_22,2572,2001,2657,2398,akampat,english
File_13,polygon_23,2176,2043,2266,2478,വികസനം,malayalam
File_13,polygon_24,2077,2121,2158,2518,autonomous,english
File_13,polygon_25,1453,2192,1546,2610,armid,english
File_13,polygon_26,1777,2215,1880,2727,ശീമാട്ടി,malayalam
File_13,polygon_27,2073,2520,2147,2611,ક,gujarati
File_13,polygon_28,1467,2620,1546,2723,എല്ലാവർക്കും,malayalam
File_13,polygon_29,1912,2656,2015,2735,೦5,kannada
IMG_47,polygon_0,1894,1278,2186,1372,ঈনাঢ়ি,assamese
IMG_47,polygon_1,2245,1285,2583,1360,ஙணகளண,tamil
IMG_47,polygon_2,1923,1394,2837,1621,dalmia,english
IMG_47,polygon_3,102,1552,1415,1775,publichall,english
IMG_47,polygon_4,2217,1626,2824,1755,cement,english
IMG_47,polygon_5,2420,1831,2825,1921,today,english
IMG_47,polygon_6,1869,1840,2360,1933,future,english
IMG_47,polygon_7,1759,3170,1932,3197,ச௺சியங்களை,tamil
IMG_47,polygon_8,1936,3174,2011,3198,ടൗൺ,malayalam
IMG_47,polygon_9,1748,3197,1947,3220,ouriyamvariet,english
IMG_47,polygon_10,1949,3199,2017,3222,store,english
IMG_47,polygon_11,1763,3222,1925,3243,nambolsabal,english
IMG_47,polygon_12,1929,3222,2006,3244,leikai,english
IMG_47,polygon_13,1779,3369,1941,3395,ritchenhems,english
IMG_47,polygon_14,610,3616,1215,3770,ಮಾರ್,kannada
File_12,polygon_0,2093,325,2262,973,comm,english
File_12,polygon_1,2266,2319,2446,2781,কংগ্রেস,bengali
IMG_45,polygon_0,2238,1741,2409,1882,रुारेऽ,marathi
IMG_45,polygon_1,2454,1777,2649,1898,యాఇ,telugu
IMG_45,polygon_2,2770,3342,2900,3407,ਸਵਰੂ,punjabi
IMG_45,polygon_3,2844,3398,2886,3416,ee,malayalam
IMG_45,polygon_4,2788,3422,2856,3439,zamani,english
IMG_45,polygon_5,2857,3421,2883,3438,07,punjabi
IMG_45,polygon_6,2884,3420,2941,3437,হতেও,assamese
IMG_45,polygon_7,2741,3423,2788,3440,સરાજકરી,gujarati
IMG_45,polygon_8,2077,3654,2170,3703,૧૪,gujarati
IMG_45,polygon_9,1637,3666,1766,3737,ભય,gujarati
IMG_45,polygon_10,2199,3854,2268,3927,mom,english
IMG_45,polygon_11,2272,3878,2347,3924,made,english
IMG_45,polygon_12,2203,3923,2349,3974,11015,gujarati
IMG_50,polygon_0,353,1138,627,1247,ਨਾਏਕ,punjabi
IMG_50,polygon_1,678,1179,929,1273,நளீம,tamil
IMG_50,polygon_2,978,1217,1055,1282,,english
IMG_50,polygon_3,1076,1224,1210,1296,নং৫,assamese
IMG_50,polygon_4,1480,1288,2134,1400,government,english
IMG_50,polygon_5,2166,1340,2275,1415,of,english
IMG_50,polygon_6,2307,1353,2705,1446,manipur,english
IMG_50,polygon_7,3050,1361,3190,1429,estd,english
IMG_50,polygon_8,3239,1371,3526,1453,28091980,english
IMG_50,polygon_9,1442,1436,1581,1600,a,english
IMG_50,polygon_10,1798,1414,1989,1634,m,english
IMG_50,polygon_11,2194,1450,2318,1639,ભય,gujarati
IMG_50,polygon_12,2026,1467,2168,1638,a,english
IMG_50,polygon_13,2643,1478,2953,1684,ભ,gujarati
IMG_50,polygon_14,3082,1513,3577,1717,lege,english
IMG_50,polygon_15,1039,1636,1374,1744,naac,english
IMG_50,polygon_16,1454,1654,2179,1777,accredited,english
IMG_50,polygon_17,2246,1696,2700,1803,bgrade,english
IMG_50,polygon_18,2760,1724,3204,1828,college,english
IMG_50,polygon_19,1567,1784,1804,1860,oinam,english
IMG_50,polygon_20,1844,1800,2230,1872,bishnupur,english
IMG_50,polygon_21,2265,1816,2547,1885,district,english
IMG_50,polygon_22,2606,1832,2805,1898,795134,english
IMG_44,polygon_0,1051,1636,1839,1806,குலவராஜர்கள்,tamil
IMG_44,polygon_1,806,1651,1006,1758,সংক,bengali
IMG_44,polygon_2,823,1882,2717,2152,bhethenterprises,english
IMG_44,polygon_3,813,2193,1247,2344,agro,english
IMG_44,polygon_4,1291,2206,1612,2352,hub,english
IMG_40,polygon_0,726,212,846,244,actogen,english
IMG_40,polygon_1,892,216,1012,249,lactogen,english
IMG_40,polygon_2,755,240,798,260,pro,english
IMG_40,polygon_3,924,244,968,263,280,gujarati
IMG_40,polygon_4,2006,1510,2852,1747,50ਾਸਕਾਪੀ,punjabi
IMG_40,polygon_5,1235,1558,1507,1734,पा,hindi
IMG_40,polygon_6,1529,1556,1850,1739,,english
IMG_40,polygon_7,835,2356,1308,2461,nambol,english
IMG_40,polygon_8,1343,2354,1992,2502,thongkha,english
IMG_40,polygon_9,2041,2360,2613,2507,mongjing,english
IMG_40,polygon_10,139,3063,303,3143,mn01,english
IMG_40,polygon_11,72,3148,110,3176,ind,english
IMG_41,polygon_0,982,1190,2303,1421,சாலஙிகளிலஊஊஊ,tamil
IMG_41,polygon_1,397,1702,648,1816,tdc,english
IMG_41,polygon_2,2407,1934,2728,2142,ર૯,gujarati
IMG_41,polygon_3,1847,1946,2249,2160,૧,gujarati
IMG_41,polygon_4,435,1953,1828,2209,diagnostic,english
IMG_41,polygon_5,1750,2238,2332,2377,795134,english
IMG_41,polygon_6,1260,2253,1751,2411,manipur,english
IMG_41,polygon_7,728,2260,1212,2408,nambol,english
IMG_41,polygon_8,1160,2448,2381,2592,mnhcrno127dc2014,english
IMG_41,polygon_9,961,2475,1120,2595,no,english
IMG_41,polygon_10,680,2473,920,2632,regd,english
IMG_41,polygon_11,879,2652,2406,2828,வயில்,tamil
IMG_41,polygon_12,429,2671,827,2808,email,english
IMG_41,polygon_13,2431,2672,2691,2787,com,english
IMG_41,polygon_14,1403,2883,2772,2986,૧૦૧૭,gujarati
IMG_41,polygon_15,1131,2903,1384,2992,details,english
IMG_41,polygon_16,411,2904,534,2994,pliz,english
IMG_41,polygon_17,824,2905,925,2997,ર,gujarati
IMG_41,polygon_18,548,2906,808,2994,வேட்டை,tamil
IMG_41,polygon_19,943,2908,1111,3001,more,english
IMG_43,polygon_0,2532,142,2786,182,iookeey,english
IMG_43,polygon_1,2437,148,2513,185,ਟਇ,punjabi
IMG_43,polygon_2,2193,216,2357,420,সমিতি,assamese
IMG_43,polygon_3,1663,1691,1994,1787,haca,english
IMG_43,polygon_4,1519,1714,1625,1790,ரஂஜந,tamil
IMG_43,polygon_5,1320,1719,1472,1797, ,bengali
IMG_43,polygon_6,2109,2346,2373,2419,795134,english
IMG_43,polygon_7,1689,2355,2035,2442,mongjing,english
IMG_43,polygon_8,1271,2361,1664,2453,thongkha,english
IMG_43,polygon_9,972,2370,1253,2440,nambol,english
IMG_42,polygon_0,2803,572,2982,644,oltr,english
IMG_42,polygon_1,2649,752,2718,780,leima,english
IMG_42,polygon_2,2442,760,2616,823,ieima,english
IMG_42,polygon_3,2324,802,2379,834,leima,english
IMG_42,polygon_4,2191,821,2302,899,ieima,english
IMG_42,polygon_5,976,1317,1789,1567, ,bengali
IMG_42,polygon_6,0,1346,82,1392,20,malayalam
IMG_42,polygon_7,1804,1503,2346,1719,ডেসি রে,bengali
IMG_42,polygon_8,963,1544,1006,1618,0,gujarati
IMG_42,polygon_9,615,1661,699,1704,વાખાનું,gujarati
IMG_42,polygon_10,1140,1750,1361,1963,n,english
IMG_42,polygon_11,2101,1780,2242,2045,પોલીસ,gujarati
IMG_42,polygon_12,317,1849,1024,2093,variety,english
IMG_42,polygon_13,2772,1916,2806,2030,જ0,gujarati
IMG_42,polygon_14,1054,1970,1580,2186,ரோமாட்,tamil
IMG_42,polygon_15,1776,2089,2240,2288,nambol,english
IMG_42,polygon_16,2261,2172,2812,2373,ரமாயோடி,tamil
IMG_31,polygon_0,2331,1788,2538,1872,ਸਥਾ,punjabi
IMG_31,polygon_1,2590,1784,2752,1913,ਠਟੂ,punjabi
IMG_31,polygon_2,1092,1847,1712,2075,blue,english
IMG_31,polygon_3,2029,2071,2051,2145,૧,gujarati
IMG_31,polygon_4,2475,2072,2684,2129,steam,english
IMG_31,polygon_5,2706,2071,2838,2127,iron,english
IMG_31,polygon_6,2214,2070,2398,2130,clean,english
IMG_31,polygon_7,1728,2071,1998,2146,laundry,english
IMG_31,polygon_8,2079,2074,2194,2144,dry,english
IMG_31,polygon_9,2419,2163,2850,2216,wwwmrbluein,english
IMG_31,polygon_10,2110,2167,2275,2215,00059,english
IMG_31,polygon_11,1923,2169,2089,2217,95559,english
IMG_31,polygon_12,1810,2171,1908,2217,91,english
IMG_25,polygon_0,367,262,508,300,ডিব্ৰুগড়,assamese
IMG_25,polygon_1,366,299,508,340,डिब्रुगढ़,hindi
IMG_25,polygon_2,351,343,525,370,oibrugarh,english
IMG_19,polygon_0,286,436,491,481,membership,english
IMG_19,polygon_1,592,584,670,648,in,english
IMG_19,polygon_2,386,584,575,653,more,english
IMG_19,polygon_3,192,589,371,676,shop,english
IMG_19,polygon_4,339,655,510,724,nike,english
IMG_19,polygon_5,191,661,325,726,the,english
IMG_19,polygon_6,526,655,676,741,app,english
IMG_19,polygon_7,328,759,442,788,barcode,english
IMG_19,polygon_8,446,758,488,785,for,english
IMG_19,polygon_9,491,762,563,785,more,english
IMG_19,polygon_10,196,763,267,791,8૦થી,gujarati
IMG_19,polygon_11,272,765,323,793,any,english
IMG_19,polygon_12,366,791,419,818,and,english
IMG_19,polygon_13,424,790,517,817,colors,english
IMG_19,polygon_14,280,792,360,826,styles,english
IMG_19,polygon_15,197,794,275,824,sizes,english
IMG_8,polygon_0,729,1640,1255,1814,அஂகு,tamil
IMG_8,polygon_1,1400,1636,2589,1842,jomes,english
IMG_8,polygon_2,273,1738,369,1787,high,english
IMG_8,polygon_3,163,1743,272,1866,inou,english
IMG_8,polygon_4,364,1756,463,1928,school,english
IMG_8,polygon_5,1918,1840,2786,2051,school,english
IMG_8,polygon_6,532,1853,1300,2070,keinou,english
IMG_8,polygon_7,1360,1849,1861,2051,high,english
IMG_8,polygon_8,989,2067,1398,2147,govt,english
IMG_8,polygon_9,1662,2070,2293,2147,manipur,english
IMG_8,polygon_10,1442,2071,1622,2147,of,english
IMG_8,polygon_11,1313,2164,1624,2225,keinou,english
IMG_8,polygon_12,1665,2165,1953,2225,bazar,english
IMG_8,polygon_13,953,2228,1405,2288,bishnupur,english
IMG_8,polygon_14,1429,2235,1789,2290,district,english
IMG_8,polygon_15,1831,2235,1965,2290,pin,english
IMG_8,polygon_16,1986,2236,2095,2291,no,english
IMG_8,polygon_17,2099,2235,2337,2291,795134,english
IMG_9,polygon_0,585,468,641,497,wall,english
IMG_9,polygon_1,481,482,586,522,boundary,english
IMG_9,polygon_2,1025,526,1067,545,037088,punjabi
IMG_9,polygon_3,1018,537,1082,560,waitingroom,english
IMG_9,polygon_4,486,552,835,741,ਸੰਘ,punjabi
IMG_9,polygon_5,1230,611,1295,634,sitefor,english
IMG_9,polygon_6,1296,621,1353,643,hostel,english
IMG_9,polygon_7,1110,683,1125,723,ਤ੍ਰ,punjabi
IMG_9,polygon_8,0,691,69,732,nical,english
IMG_9,polygon_9,73,719,181,769,garden,english
IMG_9,polygon_10,778,760,816,818,ਸਾਰਪਮੇਟ,punjabi
IMG_9,polygon_11,862,760,929,789,complex,english
IMG_9,polygon_12,601,782,656,810,dhaba,english
IMG_9,polygon_13,568,797,604,820,8੦੬,punjabi
IMG_9,polygon_14,707,822,786,859,047575804,bengali
IMG_9,polygon_15,1239,859,1288,875,proposed,english
IMG_9,polygon_16,1495,877,1532,970,যাদঃ০০০,assamese
IMG_9,polygon_17,713,904,766,932,phase,english
IMG_9,polygon_18,358,917,396,937,law,english
IMG_9,polygon_19,682,920,713,942,2110,gujarati
IMG_9,polygon_20,194,923,240,951,road,english
IMG_9,polygon_21,624,927,682,957,કપાગઝ,gujarati
IMG_9,polygon_22,357,931,402,955,8106,punjabi
IMG_9,polygon_23,724,929,763,970,୦୦,odia
IMG_9,polygon_24,877,935,907,951,mba,english
IMG_9,polygon_25,908,939,945,956,bldg,english
IMG_9,polygon_26,152,940,196,967,ഈ ,malayalam
IMG_9,polygon_27,569,945,626,975,water,english
IMG_9,polygon_28,884,952,946,970,complex,english
IMG_9,polygon_29,1280,951,1316,966,61166,gujarati
IMG_9,polygon_30,1315,955,1337,969,qtr,english
IMG_9,polygon_31,449,957,512,985,commerce,english
IMG_9,polygon_32,445,969,480,987,bldg,english
IMG_9,polygon_33,712,970,762,998,overhead,english
IMG_9,polygon_34,746,979,771,996,৭০মোহ,assamese
IMG_9,polygon_35,716,990,747,1009,বহুদে৷সহ,assamese
IMG_9,polygon_36,1191,1014,1252,1258,കണ്ണൂർ,malayalam
IMG_9,polygon_37,686,1042,725,1061,1811,gujarati
IMG_9,polygon_38,685,1054,725,1073, ,assamese
IMG_9,polygon_39,935,1061,989,1078,menialqtr,english
IMG_9,polygon_40,1438,1091,1500,1137,61168,gujarati
IMG_9,polygon_41,1040,1104,1073,1118,house,english
IMG_9,polygon_42,1009,1109,1040,1123,৫৩৪ন,assamese
IMG_9,polygon_43,1450,1116,1516,1164,house,english
IMG_9,polygon_44,1396,1137,1423,1157,ਸਪਾਈ,punjabi
IMG_9,polygon_45,669,1142,707,1161,18unit,english
IMG_9,polygon_46,1305,1148,1347,1158,ஊணர,tamil
IMG_9,polygon_47,1402,1148,1428,1166,౪౦౮౬౬,telugu
IMG_9,polygon_48,668,1153,707,1173,੦੧੧,punjabi
IMG_9,polygon_49,1297,1157,1362,1169,treatmentplant,english
IMG_9,polygon_50,1577,1295,1844,1526,ਸੰਤਾ   ,punjabi
IMG_9,polygon_51,956,1350,987,1376,478,punjabi
IMG_9,polygon_52,1346,1352,1397,1374,ringroad,english
IMG_9,polygon_53,984,1370,1018,1402,11੧੬,punjabi
IMG_9,polygon_54,1498,1382,1553,1411,ringroad,english
IMG_9,polygon_55,536,1383,578,1485,quarter,english
IMG_9,polygon_56,1014,1395,1041,1419,੦ਾ੪,punjabi
IMG_9,polygon_57,1639,1395,1672,1428, ,malayalam
IMG_9,polygon_58,1668,1424,1736,1483,ഭരണഘോഷം,malayalam
IMG_9,polygon_59,1025,1446,1053,1463,,assamese
IMG_9,polygon_60,432,1448,468,1510,১৯৬,assamese
IMG_9,polygon_61,769,1449,801,1564,கால்,tamil
IMG_9,polygon_62,559,1460,649,1527,ਕਾਰਾ,punjabi
IMG_9,polygon_63,527,1488,552,1522,ਹੁ,punjabi
IMG_9,polygon_64,979,1494,1053,1524,4170050506,assamese
IMG_9,polygon_65,980,1511,992,1527,8,punjabi
IMG_9,polygon_66,397,1510,452,1636,ഇ.എം,malayalam
IMG_9,polygon_67,993,1516,1027,1536, ,assamese
IMG_9,polygon_68,513,1524,546,1581,শ্রী ,assamese
IMG_9,polygon_69,759,1566,783,1630,ਨੂੰ,punjabi
IMG_9,polygon_70,1530,1592,1617,1629,sports,english
IMG_9,polygon_71,1643,1628,1720,1661,complex,english
IMG_9,polygon_72,1127,1640,1177,1659,4040614,gujarati
IMG_9,polygon_73,1311,1648,1352,1667,pobitara,english
IMG_9,polygon_74,1133,1652,1170,1669,ഷോപ്പേ,malayalam
IMG_9,polygon_75,1312,1660,1350,1686,గరకాల,telugu
IMG_9,polygon_76,474,1675,515,1698,ਮਾ,punjabi
IMG_9,polygon_77,549,1681,570,1738,വികസനം,malayalam
IMG_9,polygon_78,466,1687,518,1712,quarter,english
IMG_9,polygon_79,565,1697,580,1731,आदररी,hindi
IMG_9,polygon_80,658,1714,768,1745,assamtypec,english
IMG_9,polygon_81,768,1737,835,1765,quarter,english
IMG_9,polygon_82,1472,1776,1532,1804,നേത്രം പല,malayalam
IMG_9,polygon_83,621,1785,681,1812,ee,malayalam
IMG_9,polygon_84,628,1797,670,1821,house,english
IMG_9,polygon_85,552,1802,637,1980,ഇ.എം,malayalam
IMG_9,polygon_86,1397,1816,1438,1831,८५ा६०,hindi
IMG_9,polygon_87,503,1813,569,1947,400,english
IMG_9,polygon_88,709,1840,748,1862,18પ80,gujarati
IMG_9,polygon_89,1477,1850,1520,1865,പിൽ,malayalam
IMG_9,polygon_90,706,1851,746,1873,dtype,english
IMG_9,polygon_91,623,1854,652,1906,੦੦ਨ1੪,punjabi
IMG_9,polygon_92,704,1866,737,1883,078,punjabi
IMG_9,polygon_93,1780,1866,1795,1879,460,punjabi
IMG_9,polygon_94,1796,1870,1835,1887,0494071,punjabi
IMG_9,polygon_95,1838,1879,1864,1895,mens,english
IMG_9,polygon_96,599,1909,635,1988,৭৩৫,assamese
IMG_9,polygon_97,846,1923,866,2041,internalroad,english
IMG_9,polygon_98,1366,1942,1423,1962,academic,english
IMG_9,polygon_99,1374,1957,1417,1975,bldgii,english
IMG_9,polygon_100,658,1982,700,2006,பமா,tamil
IMG_9,polygon_101,655,1995,686,2014,੧੭੬,punjabi
IMG_9,polygon_102,685,2006,710,2023,018,punjabi
IMG_9,polygon_103,1248,2017,1306,2038,mcjbldg,english
IMG_9,polygon_104,873,2072,898,2087,tec,english
IMG_9,polygon_105,901,2074,938,2091,bldg,english
IMG_9,polygon_106,1480,2092,1524,2115,garden,english
IMG_9,polygon_107,764,2122,899,2213,000,english
IMG_9,polygon_108,1095,2134,1113,2170,হা2মো,assamese
IMG_9,polygon_109,1406,2136,1486,2184,shopping,english
IMG_9,polygon_110,1279,2140,1293,2211,academic,english
IMG_9,polygon_111,1553,2140,1608,2163,ringroad,english
IMG_9,polygon_112,1291,2162,1304,2214,സക്കസ്സ്,malayalam
IMG_9,polygon_113,1058,2165,1081,2224,മതതശ്ശി മാവി,malayalam
IMG_9,polygon_114,1067,2167,1092,2228,മതതശ്ശി മാവി,malayalam
IMG_9,polygon_115,1077,2170,1103,2228,ചളിപ്പറമ്പ്,malayalam
IMG_9,polygon_116,678,2203,800,2262,boundary,english
IMG_9,polygon_117,1995,2209,2022,2405,boundarywal,english
IMG_9,polygon_118,1414,2220,1503,2270,boundary,english
IMG_9,polygon_119,802,2248,860,2288,wall,english
IMG_9,polygon_120,1503,2260,1546,2291,wall,english
IMG_9,polygon_121,2088,2280,2474,2470,tezpur,english
IMG_9,polygon_122,1609,2335,1663,2351,postoffsbi,english
IMG_9,polygon_123,2493,2331,2871,2503,universit,english
IMG_9,polygon_124,1286,2372,1326,2423,੨,punjabi
IMG_9,polygon_125,1661,2408,1687,2427,main,english
IMG_9,polygon_126,1659,2423,1687,2441,6425,assamese
IMG_9,polygon_127,768,2471,830,2544,w,english
IMG_9,polygon_128,1714,2486,1745,2534,શ્રી,gujarati
IMG_9,polygon_129,2267,2531,2639,2694,master,english
IMG_9,polygon_130,2653,2551,2853,2696,plan,english
IMG_9,polygon_131,519,2590,570,2661,੦,punjabi
IMG_9,polygon_132,1808,2627,1883,2684,tezpur,english
IMG_9,polygon_133,1885,2668,1917,2703,714,gujarati
IMG_9,polygon_134,1915,2687,2021,2760,panchmile,english
IMG_18,polygon_0,1098,449,1482,676,ઉપગ્રહો,gujarati
IMG_18,polygon_1,518,586,1046,841,ભૂઅવલોકન,gujarati
IMG_18,polygon_2,1321,699,1558,844,india,english
IMG_18,polygon_3,193,732,482,874,ભારતના,gujarati
IMG_18,polygon_4,1196,746,1301,867,of,english
IMG_18,polygon_5,787,770,1178,942,satellites,english
IMG_18,polygon_6,367,852,774,1014,observation,english
IMG_18,polygon_7,1256,926,1465,994,୧ଥରାପି୫ ଥ୫,odia
IMG_18,polygon_8,193,934,357,1042,earth,english
IMG_18,polygon_9,1144,967,1243,1011,અલગ,gujarati
IMG_18,polygon_10,1037,984,1131,1028,અલગ,gujarati
IMG_18,polygon_11,995,992,1026,1035,જે,gujarati
IMG_18,polygon_12,946,996,983,1046,છે,gujarati
IMG_18,polygon_13,877,1001,938,1053,કર્યો,gujarati
IMG_18,polygon_14,739,1012,868,1074,પ્રસ્થાપિત,gujarati
IMG_18,polygon_15,1265,1023,1307,1074,છે,gujarati
IMG_18,polygon_16,1186,1027,1249,1084,પાડે,gujarati
IMG_18,polygon_17,1112,1042,1175,1107,પુરી,gujarati
IMG_18,polygon_18,664,1047,729,1096,સમુહ,gujarati
IMG_18,polygon_19,597,1049,655,1094,મોટો,gujarati
IMG_18,polygon_20,1038,1049,1098,1104,માટે,gujarati
IMG_18,polygon_21,525,1056,589,1105,સૌથી,gujarati
IMG_18,polygon_22,904,1066,1028,1123,ઉપયોગો,gujarati
IMG_18,polygon_23,405,1069,519,1122,ઉપગ્રહોનો,gujarati
IMG_18,polygon_24,801,1085,893,1137,વિભિન્ન,gujarati
IMG_18,polygon_25,260,1085,397,1152,ભૂઅવલોકન,gujarati
IMG_18,polygon_26,634,1098,791,1159,છબીમાહિતી,gujarati
IMG_18,polygon_27,193,1105,254,1152,ભારતે,gujarati
IMG_18,polygon_28,502,1121,625,1175,વિભાગોની,gujarati
IMG_18,polygon_29,1331,1125,1552,1186,satellites,english
IMG_18,polygon_30,388,1140,494,1194,વર્ણપટિય,gujarati
IMG_18,polygon_31,332,1152,379,1197,અને,gujarati
IMG_18,polygon_32,1073,1155,1319,1216,பீரு   உப்பை,tamil
IMG_18,polygon_33,257,1161,326,1206,સંબંધી,gujarati
IMG_18,polygon_34,193,1175,249,1213,અંતર,gujarati
IMG_18,polygon_35,964,1183,1064,1228,earth,english
IMG_18,polygon_36,914,1195,955,1236,of,english
IMG_18,polygon_37,1349,1197,1418,1239,for,english
IMG_18,polygon_38,682,1204,905,1258,constellation,english
IMG_18,polygon_39,1207,1205,1337,1253,bands,english
IMG_18,polygon_40,1038,1220,1197,1277,spectral,english
IMG_18,polygon_41,561,1232,674,1276,largest,english
IMG_18,polygon_42,955,1237,1026,1280,and,english
IMG_18,polygon_43,505,1241,556,1278,the,english
IMG_18,polygon_44,333,1247,497,1293,established,english
IMG_18,polygon_45,745,1249,947,1299,resolutions,english
IMG_18,polygon_46,277,1265,327,1300,has,english
IMG_18,polygon_47,629,1267,739,1317,spatial,english
IMG_18,polygon_48,202,1271,271,1307,india,english
IMG_18,polygon_49,586,1278,622,1315,of,english
IMG_18,polygon_50,471,1285,578,1328,variety,english
IMG_18,polygon_51,409,1297,440,1330,in,english
IMG_18,polygon_52,447,1302,466,1327,૧,gujarati
IMG_18,polygon_53,342,1303,403,1336,તેમ18,gujarati
IMG_18,polygon_54,202,1308,335,1354,ஹாமாப்பிப்படி,tamil
IMG_18,polygon_55,330,1335,514,1386,applications,english
IMG_18,polygon_56,205,1353,324,1389,different,english
IMG_18,polygon_57,1284,1540,1366,1581,irsp3,english
IMG_18,polygon_58,975,1552,1041,1590,irs1c,english
IMG_18,polygon_59,746,1560,811,1597,irsp2,english
IMG_18,polygon_60,521,1568,572,1602,irs1e,english
IMG_18,polygon_61,266,1573,347,1607,irs1a1b,english
IMG_18,polygon_62,1283,1587,1329,1606,march21,english
IMG_18,polygon_63,1332,1586,1360,1604,1996,english
IMG_18,polygon_64,1038,1593,1061,1611,1995,english
IMG_18,polygon_65,975,1594,1034,1613,december28,english
IMG_18,polygon_66,744,1602,789,1619,october15,english
IMG_18,polygon_67,789,1600,811,1618,1994,gujarati
IMG_18,polygon_68,520,1606,592,1624,septamber201993,english
IMG_18,polygon_69,1325,1609,1355,1627,mos,english
IMG_18,polygon_70,1354,1608,1388,1628,xray,english
IMG_18,polygon_71,264,1611,312,1625,march171988,english
IMG_18,polygon_72,1295,1610,1325,1628,wifs,english
IMG_18,polygon_73,976,1616,1020,1634,1188,gujarati
IMG_18,polygon_74,1020,1615,1044,1633,pan,english
IMG_18,polygon_75,1044,1614,1070,1633,wifs,english
IMG_18,polygon_76,746,1622,784,1639,11882,gujarati
IMG_18,polygon_77,264,1626,315,1642,angust29190,english
IMG_18,polygon_78,521,1626,553,1642,2050,assamese
IMG_18,polygon_79,266,1645,304,1660,10318,bengali
IMG_18,polygon_80,262,1847,308,1879,irs1d,english
IMG_18,polygon_81,461,1853,627,1893,oceansat1irsp4,english
IMG_18,polygon_82,737,1863,773,1898,tes,english
IMG_18,polygon_83,928,1872,1085,1913,resourcesat1,english
IMG_18,polygon_84,261,1882,325,1899,septomber291997,english
IMG_18,polygon_85,1090,1875,1184,1919,irsp6,english
IMG_18,polygon_86,1262,1883,1399,1925,cartosat1,english
IMG_18,polygon_87,460,1889,507,1906,may261999,english
IMG_18,polygon_88,1405,1886,1512,1933,irsp5,english
IMG_18,polygon_89,263,1901,329,1918,lissilpanwies,english
IMG_18,polygon_90,737,1902,805,1921,0222 22201,gujarati
IMG_18,polygon_91,461,1909,513,1926,ocmmsmr,english
IMG_18,polygon_92,926,1913,971,1930,october17,english
IMG_18,polygon_93,972,1914,999,1932,2003,gujarati
IMG_18,polygon_94,739,1923,766,1940,pan,english
IMG_18,polygon_95,1260,1926,1292,1945,may5,english
IMG_18,polygon_96,1293,1928,1324,1946,2005,english
IMG_18,polygon_97,928,1934,992,1953,162111155,gujarati
IMG_18,polygon_98,993,1936,1033,1955,ivawifs,english
IMG_18,polygon_99,1263,1950,1345,1970,panforealt,english
IMG_24,polygon_0,1314,1670,1646,1787,stra,english
IMG_24,polygon_1,511,1675,808,1769,motch,english
IMG_24,polygon_2,869,1685,1260,1793, ,bengali
IMG_24,polygon_3,1700,1698,2230,1798,mhcra,english
IMG_24,polygon_4,2281,1714,2552,1822,3,english
IMG_24,polygon_5,35,1794,281,1996,st,english
IMG_24,polygon_6,327,1804,968,2004,stephen,english
IMG_24,polygon_7,1029,1821,1557,2015,higher,english
IMG_24,polygon_8,1610,1833,2386,2024,secondary,english
IMG_24,polygon_9,2440,1845,2969,2034,school,english
IMG_24,polygon_10,262,2054,978,2135,hiyangthang,english
IMG_24,polygon_11,1013,2071,1430,2141,mamang,english
IMG_24,polygon_12,1463,2074,1795,2159,leikai,english
IMG_24,polygon_13,1829,2080,2168,2148,imphal,english
IMG_24,polygon_14,2195,2083,2441,2150,west,english
IMG_24,polygon_15,2525,2086,2836,2154,795009,english
IMG_24,polygon_16,557,2229,946,2304,recognised,english
IMG_24,polygon_17,968,2236,1053,2306,by,english
IMG_24,polygon_18,1071,2235,1357,2297,cohsem,english
IMG_24,polygon_19,1378,2240,1524,2298,vide,english
IMG_24,polygon_20,1543,2240,1724,2299,order,english
IMG_24,polygon_21,1741,2243,1847,2300,no,english
IMG_24,polygon_22,1867,2242,2237,2303,19696hsc,english
IMG_24,polygon_23,2257,2244,2396,2313,vol,english
IMG_24,polygon_24,2413,2245,2524,2315,viii,english
IMG_24,polygon_25,1776,2864,2070,3004,१११,marathi
IMG_30,polygon_0,1632,1698,1968,1807,চডমাঈ,bengali
IMG_30,polygon_1,1408,1700,1596,1800,ਗਰਂਹ   ,punjabi
IMG_30,polygon_2,804,1711,1070,1799,లూ౪,telugu
IMG_30,polygon_3,1111,1713,1370,1797,8m,english
IMG_30,polygon_4,963,1835,1335,1965,भारतीय,hindi
IMG_30,polygon_5,1353,1839,1572,1968,स्‍टेट,hindi
IMG_30,polygon_6,1591,1842,1798,1981,बैंक,hindi
IMG_30,polygon_7,740,2011,1055,2116,state,english
IMG_30,polygon_8,1094,2016,1427,2121,bank,english
IMG_30,polygon_9,1463,2022,1630,2126,of,english
IMG_30,polygon_10,1668,2025,2008,2136,india,english
IMG_30,polygon_11,932,2245,1358,2335,nambol,english
IMG_30,polygon_12,1391,2252,1803,2343,branch,english
IMG_26,polygon_0,993,1829,1223,1919,ஸ்ரீ,tamil
IMG_26,polygon_1,715,1832,974,1917,இளைத்தி,tamil
IMG_26,polygon_2,1678,1840,1871,1931,க்ஷண,tamil
IMG_26,polygon_3,1461,1847,1659,1934,றனிள,tamil
IMG_26,polygon_4,1243,1857,1439,1924,ாளன,tamil
IMG_26,polygon_5,2099,1875,2485,1935,7005278879,english
IMG_26,polygon_6,713,1941,1101,2095,gelio,english
IMG_26,polygon_7,1498,1954,1594,2102,8,gujarati
IMG_26,polygon_8,1142,1950,1456,2099,iron,english
IMG_26,polygon_9,1631,1956,2027,2106,steel,english
IMG_26,polygon_10,2062,1964,2442,2112,work,english
IMG_26,polygon_11,971,2126,1156,2195,old,english
IMG_26,polygon_12,1179,2129,1373,2198,uco,english
IMG_26,polygon_13,1396,2133,1665,2213,bank,english
IMG_26,polygon_14,1691,2137,2196,2207,bishnupur,english
IMG_26,polygon_15,337,3367,392,3386,spring,english
IMG_26,polygon_16,223,3969,307,4014,brasin,english
IMG_32,polygon_0,2093,1034,2343,1196,ਦਸਣਏ,punjabi
IMG_32,polygon_1,1696,1148,1990,1310,তেংভে অপ্রা ,bengali
IMG_32,polygon_2,2150,1207,2552,1557,nambol,english
IMG_32,polygon_3,2662,1234,2869,1346,health,english
IMG_32,polygon_4,1471,1237,1672,1377, ,bengali
IMG_32,polygon_5,1039,1289,1459,1504,कामाऊंड्याजनं,marathi
IMG_32,polygon_6,2855,1290,2947,1446,mis,english
IMG_32,polygon_7,2495,1328,2706,1725,national,english
IMG_32,polygon_8,869,1320,2114,1910,communityhealthcentre,english
IMG_32,polygon_9,2893,1444,2957,1638,sion,english
IMG_32,polygon_10,1860,1634,2417,1971,manipur,english
IMG_32,polygon_11,1680,1776,1843,2021,of,english
IMG_32,polygon_12,636,1800,794,1926,health,english
IMG_32,polygon_13,900,1827,1664,2220,government,english
IMG_32,polygon_14,537,1866,852,2280,વેન્ટર,gujarati
IMG_32,polygon_15,2171,1951,2601,2179,district,english
IMG_32,polygon_16,514,2036,573,2244,natic,english
IMG_32,polygon_17,1663,2060,2153,2297,bishnupur,english
IMG_32,polygon_18,1361,2189,1603,2371,795134,english
IMG_32,polygon_19,1208,2253,1338,2408,no,english
IMG_32,polygon_20,1061,2289,1199,2439,pin,english
IMG_32,polygon_21,722,2327,1047,2515,nambol,english
IMG_33,polygon_0,278,1408,483,1590,health,english
IMG_33,polygon_1,118,1436,280,1740,national,english
IMG_33,polygon_2,555,1487,1289,1801,community,english
IMG_33,polygon_3,417,1535,561,1822,mission,english
IMG_33,polygon_4,1209,1542,1524,1688,ঘোকাদ্যুপ্যুতো সা ,bengali
IMG_33,polygon_5,1537,1629,1684,1725,এতংবক্র,bengali
IMG_33,polygon_6,1695,1678,1891,1783,৫১ংভেতশপ্রা,bengali
IMG_33,polygon_7,1322,1694,1735,1923,health,english
IMG_33,polygon_8,1950,1738,2111,1841,৫ কেষ্ট ব ,bengali
IMG_33,polygon_9,808,1772,1696,2080,government,english
IMG_33,polygon_10,1764,1811,2191,2066,centre,english
IMG_33,polygon_11,656,1906,1071,2085,nambol,english
IMG_33,polygon_12,2221,1932,2609,2143,nambol,english
IMG_33,polygon_13,1737,1991,1894,2121,of,english
IMG_33,polygon_14,1087,2000,1244,2122,pin,english
IMG_33,polygon_15,1915,2043,2419,2253,manipur,english
IMG_33,polygon_16,1258,2038,1403,2157,no,english
IMG_33,polygon_17,2695,2046,2834,2157,health,english
IMG_33,polygon_18,2612,2070,2737,2332, ,malayalam
IMG_33,polygon_19,1427,2077,1677,2212,795134,english
IMG_33,polygon_20,2740,2138,2905,2376,અમર,gujarati
IMG_33,polygon_21,1731,2148,2176,2329,bishnupur,english
IMG_33,polygon_22,2189,2252,2529,2403,district,english
IMG_27,polygon_0,1532,2260,1643,2329,39,english
IMG_27,polygon_1,986,2271,1262,2348,வாங்களை,tamil
IMG_27,polygon_2,1264,2278,1494,2339,ਨਾਹੁ,punjabi
IMG_27,polygon_3,492,2325,2185,2500,yeireiyenshang,english
IMG_27,polygon_4,1372,2513,1945,2624,center,english
IMG_27,polygon_5,706,2533,1326,2642,chicken,english
IMG_23,polygon_0,1765,1272,1999,1405,ਰਾਸ,punjabi
IMG_23,polygon_1,1094,1540,2186,1713,पाएएमएए एँ,hindi
IMG_23,polygon_2,1547,1735,2305,2012,orive,english
IMG_23,polygon_3,1499,2030,2289,2306,slow,english
IMG_23,polygon_4,594,2264,716,2490,ਨਿਰਾ,punjabi
IMG_23,polygon_5,1968,2330,2322,2467,school,english
IMG_23,polygon_6,1753,2345,1947,2473,sec,english
IMG_23,polygon_7,1590,2355,1730,2474,hr,english
IMG_23,polygon_8,1198,2359,1560,2488,stephen,english
IMG_23,polygon_9,1049,2371,1178,2493,st,english
IMG_23,polygon_10,2876,2442,3025,2536,sha,english
IMG_23,polygon_11,2950,2478,3027,2535,గీరల,telugu
IMG_23,polygon_12,1407,2495,1951,2620,hiyangthang,english
IMG_23,polygon_13,2899,2517,2955,2561,ளோ,tamil
IMG_37,polygon_0,709,1461,1055,1589,ஜுஈ,tamil
IMG_37,polygon_1,1108,1472,1338,1600,गाटी,hindi
IMG_37,polygon_2,1391,1491,1736,1619,ஸுல,tamil
IMG_37,polygon_3,1791,1511,2492,1666,ceppersticscocom,english
IMG_37,polygon_4,940,1694,1129,1844,ભ,gujarati
IMG_37,polygon_5,1274,1730,1567,2051,8,gujarati
IMG_37,polygon_6,2353,1754,2625,2023,ભય,gujarati
IMG_36,polygon_0,502,2155,779,2329,எரச்,tamil
IMG_36,polygon_1,2362,2634,2665,2762,4sanjenbam,english
IMG_36,polygon_2,1981,3702,2167,3988,വികസനം,malayalam
IMG_22,polygon_0,847,1551,1076,1708,கொண்டு,tamil
IMG_22,polygon_1,857,2111,1091,2255,પર,gujarati
IMG_22,polygon_2,858,2287,2284,2434,jtrader,english
IMG_22,polygon_3,1759,2544,2441,2750,wayto,english
IMG_34,polygon_0,2618,1064,2713,1136,ਠੇਤਾ,punjabi
IMG_34,polygon_1,1981,1072,2127,1148,১০ ব্লাম,bengali
IMG_34,polygon_2,2151,1090,2298,1142,hoeo,english
IMG_34,polygon_3,2317,1090,2444,1141,மஂட,tamil
IMG_34,polygon_4,2464,1088,2601,1145,চেত,bengali
IMG_34,polygon_5,2467,1143,2503,1159,ઉજ,gujarati
IMG_34,polygon_6,2347,1156,2715,1300,bar,english
IMG_34,polygon_7,1598,1159,2297,1310,juice,english
IMG_34,polygon_8,1075,1164,1556,1319,cafe,english
IMG_34,polygon_9,448,1179,1046,1327,town,english
IMG_34,polygon_10,1636,1323,1839,1358,bazar,english
IMG_34,polygon_11,1330,1325,1592,1363,nambol,english
IMG_34,polygon_12,762,2823,948,2896,town,english
IMG_34,polygon_13,796,3022,931,3064,cafe,english
IMG_20,polygon_0,1839,1607,2093,1700,ਸਟਰਿੰਗਾ,punjabi
IMG_20,polygon_1,1381,1621,1568,1699,ਹਰਗਿੰਗ,punjabi
IMG_20,polygon_2,1585,1619,1816,1694,জং৫১০ ,assamese
IMG_20,polygon_3,1977,1736,2617,1946,clind,english
IMG_20,polygon_4,780,1754,1972,1968,iddimdenta,english
IMG_20,polygon_5,2458,1965,2567,2049,રા,gujarati
IMG_20,polygon_6,2279,1972,2440,2079,૨૦,gujarati
IMG_20,polygon_7,2144,1978,2266,2063,0,gujarati
IMG_20,polygon_8,1094,2101,1328,2157,bazar,english
IMG_20,polygon_9,792,2110,1077,2168,nambol,english
IMG_21,polygon_0,51,1054,1429,1204,ਨੱਟੀ੦੭੭ਸਟੀਗਰਬਾ,punjabi
IMG_21,polygon_1,2461,1098,2928,1200,8089,marathi
IMG_21,polygon_2,1499,1102,2402,1205,ਸੁਾਦੴ,punjabi
IMG_21,polygon_3,738,1224,1504,1516,manipuri,english
IMG_21,polygon_4,1551,1242,2959,1515,calendar2025,english
IMG_21,polygon_5,53,1248,696,1522,english,english
IMG_35,polygon_0,372,666,956,1012,vnov,english
IMG_35,polygon_1,982,849,2792,1499,ativetutorial,english
IMG_35,polygon_2,998,1089,1570,1314,চাউণ্যাণ্ড18,bengali
IMG_35,polygon_3,1628,1241,1905,1389,১০১২১০৭,bengali
IMG_35,polygon_4,1900,1320,2179,1464, ,bengali
IMG_35,polygon_5,437,1624,922,1818, ,bengali
IMG_35,polygon_6,975,1722,1311,1884,জঈ অঙঙ,bengali
IMG_35,polygon_7,121,1734,2879,2417,ആഹാരസാധനങ്ങളുടെ,malayalam
IMG_35,polygon_8,1363,1811,1888,2011,ਸਕ੍ਰਸਦੀਤਾਨਿਹਤ,punjabi
IMG_35,polygon_9,1935,1916,2319,2083,மஂஜீ,tamil
IMG_35,polygon_10,2390,2017,2667,2150, ,bengali
IMG_35,polygon_11,2322,2073,2342,2108,૧,gujarati
IMG_35,polygon_12,1248,2273,1943,2560,nambol,english
IMG_35,polygon_13,969,2478,1134,2574,estd,english
IMG_35,polygon_14,1211,2519,1401,2617,1996,english
IMG_35,polygon_15,1440,2554,1522,2637,of,english
IMG_35,polygon_16,1544,2571,1749,2688,regd,english
IMG_35,polygon_17,1772,2606,1906,2696,no,english
IMG_35,polygon_18,1926,2630,2261,2746,1801996,english
IMG_35,polygon_19,2278,3367,2445,3450,૬૭૦,gujarati
IMG_35,polygon_20,238,3409,471,3646,বা,bengali
